-- MySQL dump 10.13  Distrib 8.0.36, for Linux (x86_64)
--
-- Host: localhost    Database: jamajoint
-- ------------------------------------------------------
-- Server version	8.0.36-0ubuntu0.22.04.1

/*!40101 SET @OLD_CHARACTER_SET_CLIENT=@@CHARACTER_SET_CLIENT */;
/*!40101 SET @OLD_CHARACTER_SET_RESULTS=@@CHARACTER_SET_RESULTS */;
/*!40101 SET @OLD_COLLATION_CONNECTION=@@COLLATION_CONNECTION */;
/*!50503 SET NAMES utf8mb4 */;
/*!40103 SET @OLD_TIME_ZONE=@@TIME_ZONE */;
/*!40103 SET TIME_ZONE='+00:00' */;
/*!40014 SET @OLD_UNIQUE_CHECKS=@@UNIQUE_CHECKS, UNIQUE_CHECKS=0 */;
/*!40014 SET @OLD_FOREIGN_KEY_CHECKS=@@FOREIGN_KEY_CHECKS, FOREIGN_KEY_CHECKS=0 */;
/*!40101 SET @OLD_SQL_MODE=@@SQL_MODE, SQL_MODE='NO_AUTO_VALUE_ON_ZERO' */;
/*!40111 SET @OLD_SQL_NOTES=@@SQL_NOTES, SQL_NOTES=0 */;

--
-- Table structure for table `blogs`
--

DROP TABLE IF EXISTS `blogs`;
/*!40101 SET @saved_cs_client     = @@character_set_client */;
/*!50503 SET character_set_client = utf8mb4 */;
CREATE TABLE `blogs` (
  `id` bigint unsigned NOT NULL AUTO_INCREMENT,
  `title` varchar(255) COLLATE utf8mb4_unicode_ci NOT NULL,
  `slug` varchar(255) COLLATE utf8mb4_unicode_ci NOT NULL,
  `description` text COLLATE utf8mb4_unicode_ci NOT NULL,
  `user_id` bigint unsigned NOT NULL,
  `published` enum('yes','no') COLLATE utf8mb4_unicode_ci NOT NULL DEFAULT 'no',
  `featured` enum('0','1') COLLATE utf8mb4_unicode_ci NOT NULL DEFAULT '0',
  `created_at` timestamp NULL DEFAULT NULL,
  `updated_at` timestamp NULL DEFAULT NULL,
  PRIMARY KEY (`id`),
  UNIQUE KEY `blogs_slug_unique` (`slug`)
) ENGINE=InnoDB DEFAULT CHARSET=utf8mb4 COLLATE=utf8mb4_unicode_ci;
/*!40101 SET character_set_client = @saved_cs_client */;

--
-- Dumping data for table `blogs`
--

LOCK TABLES `blogs` WRITE;
/*!40000 ALTER TABLE `blogs` DISABLE KEYS */;
/*!40000 ALTER TABLE `blogs` ENABLE KEYS */;
UNLOCK TABLES;

--
-- Table structure for table `cyber_papers`
--

DROP TABLE IF EXISTS `cyber_papers`;
/*!40101 SET @saved_cs_client     = @@character_set_client */;
/*!50503 SET character_set_client = utf8mb4 */;
CREATE TABLE `cyber_papers` (
  `id` bigint unsigned NOT NULL AUTO_INCREMENT,
  `name` varchar(255) COLLATE utf8mb4_unicode_ci NOT NULL,
  `user_id` bigint unsigned NOT NULL,
  `created_at` timestamp NULL DEFAULT NULL,
  `updated_at` timestamp NULL DEFAULT NULL,
  `slug` varchar(255) COLLATE utf8mb4_unicode_ci NOT NULL,
  `file` varchar(255) COLLATE utf8mb4_unicode_ci DEFAULT NULL,
  PRIMARY KEY (`id`),
  UNIQUE KEY `cyber_papers_slug_unique` (`slug`)
) ENGINE=InnoDB AUTO_INCREMENT=2 DEFAULT CHARSET=utf8mb4 COLLATE=utf8mb4_unicode_ci;
/*!40101 SET character_set_client = @saved_cs_client */;

--
-- Dumping data for table `cyber_papers`
--

LOCK TABLES `cyber_papers` WRITE;
/*!40000 ALTER TABLE `cyber_papers` DISABLE KEYS */;
/*!40000 ALTER TABLE `cyber_papers` ENABLE KEYS */;
UNLOCK TABLES;

--
-- Table structure for table `exam_schools`
--

DROP TABLE IF EXISTS `exam_schools`;
/*!40101 SET @saved_cs_client     = @@character_set_client */;
/*!50503 SET character_set_client = utf8mb4 */;
CREATE TABLE `exam_schools` (
  `id` bigint unsigned NOT NULL AUTO_INCREMENT,
  `exam_id` bigint unsigned NOT NULL,
  `school_id` bigint unsigned NOT NULL,
  `created_at` timestamp NULL DEFAULT NULL,
  `updated_at` timestamp NULL DEFAULT NULL,
  PRIMARY KEY (`id`),
  KEY `exam_schools_exam_id_foreign` (`exam_id`),
  KEY `exam_schools_school_id_foreign` (`school_id`),
  CONSTRAINT `exam_schools_exam_id_foreign` FOREIGN KEY (`exam_id`) REFERENCES `exams` (`id`) ON DELETE CASCADE,
  CONSTRAINT `exam_schools_school_id_foreign` FOREIGN KEY (`school_id`) REFERENCES `schools` (`id`) ON DELETE CASCADE
) ENGINE=InnoDB AUTO_INCREMENT=77 DEFAULT CHARSET=utf8mb4 COLLATE=utf8mb4_unicode_ci;
/*!40101 SET character_set_client = @saved_cs_client */;

--
-- Dumping data for table `exam_schools`
--

LOCK TABLES `exam_schools` WRITE;
/*!40000 ALTER TABLE `exam_schools` DISABLE KEYS */;
INSERT INTO `exam_schools` VALUES (19,2,4,NULL,NULL),(20,2,6,NULL,NULL),(21,2,8,NULL,NULL),(22,2,3,NULL,NULL),(23,2,14,NULL,NULL),(37,9,4,NULL,NULL),(40,9,6,NULL,NULL),(43,9,8,NULL,NULL),(54,9,3,NULL,NULL),(60,9,14,NULL,NULL),(72,12,4,NULL,NULL),(73,12,6,NULL,NULL),(74,12,8,NULL,NULL),(75,12,3,NULL,NULL),(76,12,14,NULL,NULL);
/*!40000 ALTER TABLE `exam_schools` ENABLE KEYS */;
UNLOCK TABLES;

--
-- Table structure for table `exams`
--

DROP TABLE IF EXISTS `exams`;
/*!40101 SET @saved_cs_client     = @@character_set_client */;
/*!50503 SET character_set_client = utf8mb4 */;
CREATE TABLE `exams` (
  `id` bigint unsigned NOT NULL AUTO_INCREMENT,
  `name` varchar(255) COLLATE utf8mb4_unicode_ci NOT NULL,
  `term` varchar(255) COLLATE utf8mb4_unicode_ci NOT NULL,
  `form_id` bigint unsigned NOT NULL,
  `year` year NOT NULL,
  `slug` varchar(255) COLLATE utf8mb4_unicode_ci NOT NULL,
  `published` enum('yes','no') COLLATE utf8mb4_unicode_ci NOT NULL DEFAULT 'no',
  `user_id` bigint unsigned NOT NULL,
  `created_at` timestamp NULL DEFAULT NULL,
  `updated_at` timestamp NULL DEFAULT NULL,
  PRIMARY KEY (`id`),
  UNIQUE KEY `exams_slug_unique` (`slug`)
) ENGINE=InnoDB AUTO_INCREMENT=13 DEFAULT CHARSET=utf8mb4 COLLATE=utf8mb4_unicode_ci;
/*!40101 SET character_set_client = @saved_cs_client */;

--
-- Dumping data for table `exams`
--

LOCK TABLES `exams` WRITE;
/*!40000 ALTER TABLE `exams` DISABLE KEYS */;
INSERT INTO `exams` VALUES (2,'Milestones Joint Examination','1',2,2024,'milestones-joint-examination','yes',2,'2024-03-10 13:42:45','2024-03-11 19:23:40'),(8,'Shiners Joint CRE','3',2,2024,'shiners-joint-cre','no',2,'2024-04-19 09:02:38','2024-04-19 09:02:38'),(9,'SharpShooters National CRE Joint Exam','2',2,2024,'sharpshooters-national-cre-joint-exam','no',2,'2024-05-16 04:56:31','2024-05-16 04:56:31'),(12,'Term 2 Geography Joint','2',2,2023,'term-2-geography-joint','no',2,'2024-05-25 07:05:34','2024-05-25 07:05:34');
/*!40000 ALTER TABLE `exams` ENABLE KEYS */;
UNLOCK TABLES;

--
-- Table structure for table `failed_jobs`
--

DROP TABLE IF EXISTS `failed_jobs`;
/*!40101 SET @saved_cs_client     = @@character_set_client */;
/*!50503 SET character_set_client = utf8mb4 */;
CREATE TABLE `failed_jobs` (
  `id` bigint unsigned NOT NULL AUTO_INCREMENT,
  `uuid` varchar(255) COLLATE utf8mb4_unicode_ci NOT NULL,
  `connection` text COLLATE utf8mb4_unicode_ci NOT NULL,
  `queue` text COLLATE utf8mb4_unicode_ci NOT NULL,
  `payload` longtext COLLATE utf8mb4_unicode_ci NOT NULL,
  `exception` longtext COLLATE utf8mb4_unicode_ci NOT NULL,
  `failed_at` timestamp NOT NULL DEFAULT CURRENT_TIMESTAMP,
  PRIMARY KEY (`id`),
  UNIQUE KEY `failed_jobs_uuid_unique` (`uuid`)
) ENGINE=InnoDB DEFAULT CHARSET=utf8mb4 COLLATE=utf8mb4_unicode_ci;
/*!40101 SET character_set_client = @saved_cs_client */;

--
-- Dumping data for table `failed_jobs`
--

LOCK TABLES `failed_jobs` WRITE;
/*!40000 ALTER TABLE `failed_jobs` DISABLE KEYS */;
/*!40000 ALTER TABLE `failed_jobs` ENABLE KEYS */;
UNLOCK TABLES;

--
-- Table structure for table `forms`
--

DROP TABLE IF EXISTS `forms`;
/*!40101 SET @saved_cs_client     = @@character_set_client */;
/*!50503 SET character_set_client = utf8mb4 */;
CREATE TABLE `forms` (
  `id` bigint unsigned NOT NULL AUTO_INCREMENT,
  `name` varchar(255) COLLATE utf8mb4_unicode_ci NOT NULL,
  `created_at` timestamp NULL DEFAULT NULL,
  `updated_at` timestamp NULL DEFAULT NULL,
  PRIMARY KEY (`id`)
) ENGINE=InnoDB AUTO_INCREMENT=3 DEFAULT CHARSET=utf8mb4 COLLATE=utf8mb4_unicode_ci;
/*!40101 SET character_set_client = @saved_cs_client */;

--
-- Dumping data for table `forms`
--

LOCK TABLES `forms` WRITE;
/*!40000 ALTER TABLE `forms` DISABLE KEYS */;
INSERT INTO `forms` VALUES (1,'3','2023-11-02 18:32:36','2023-11-02 18:32:36'),(2,'4','2023-11-02 18:32:36','2023-11-02 18:32:36');
/*!40000 ALTER TABLE `forms` ENABLE KEYS */;
UNLOCK TABLES;

--
-- Table structure for table `gradings`
--

DROP TABLE IF EXISTS `gradings`;
/*!40101 SET @saved_cs_client     = @@character_set_client */;
/*!50503 SET character_set_client = utf8mb4 */;
CREATE TABLE `gradings` (
  `id` bigint unsigned NOT NULL AUTO_INCREMENT,
  `grade` varchar(255) COLLATE utf8mb4_unicode_ci NOT NULL,
  `low` decimal(5,2) NOT NULL,
  `high` decimal(5,2) NOT NULL,
  `points` int NOT NULL,
  `created_at` timestamp NULL DEFAULT NULL,
  `updated_at` timestamp NULL DEFAULT NULL,
  PRIMARY KEY (`id`)
) ENGINE=InnoDB AUTO_INCREMENT=13 DEFAULT CHARSET=utf8mb4 COLLATE=utf8mb4_unicode_ci;
/*!40101 SET character_set_client = @saved_cs_client */;

--
-- Dumping data for table `gradings`
--

LOCK TABLES `gradings` WRITE;
/*!40000 ALTER TABLE `gradings` DISABLE KEYS */;
INSERT INTO `gradings` VALUES (1,'A',80.00,100.00,12,'2023-08-29 02:29:36','2023-08-29 02:45:16'),(2,'A-',75.00,79.00,11,'2023-08-29 02:30:34','2023-08-29 02:30:34'),(3,'B+',70.00,75.00,10,'2023-08-29 02:33:21','2023-08-29 02:33:21'),(4,'B',65.00,69.00,9,'2023-08-29 02:33:43','2023-08-29 02:33:43'),(5,'B-',60.00,64.00,8,'2023-08-29 02:34:19','2023-08-29 02:34:19'),(6,'C+',55.00,59.00,7,'2023-08-29 02:35:31','2023-08-29 02:35:31'),(7,'C',50.00,54.00,6,'2023-08-29 02:36:11','2023-08-29 02:36:11'),(8,'C-',45.00,49.00,5,'2023-08-29 02:36:36','2023-08-29 02:36:36'),(9,'D+',40.00,45.00,4,'2023-08-29 02:37:34','2023-08-29 02:37:34'),(10,'D',35.00,39.00,3,'2023-08-29 02:38:51','2023-08-29 02:38:51'),(11,'D-',30.00,34.00,2,'2023-08-29 02:39:08','2023-08-29 02:39:08'),(12,'E',0.00,29.00,1,'2023-08-29 02:39:43','2023-08-29 02:39:43');
/*!40000 ALTER TABLE `gradings` ENABLE KEYS */;
UNLOCK TABLES;

--
-- Table structure for table `invoices`
--

DROP TABLE IF EXISTS `invoices`;
/*!40101 SET @saved_cs_client     = @@character_set_client */;
/*!50503 SET character_set_client = utf8mb4 */;
CREATE TABLE `invoices` (
  `id` bigint unsigned NOT NULL AUTO_INCREMENT,
  `invoice_number` varchar(255) COLLATE utf8mb4_unicode_ci NOT NULL,
  `school_id` bigint unsigned NOT NULL,
  `exam_id` bigint unsigned NOT NULL,
  `user_id` bigint unsigned NOT NULL,
  `amount` decimal(10,2) NOT NULL,
  `created_at` timestamp NULL DEFAULT NULL,
  `updated_at` timestamp NULL DEFAULT NULL,
  PRIMARY KEY (`id`)
) ENGINE=InnoDB DEFAULT CHARSET=utf8mb4 COLLATE=utf8mb4_unicode_ci;
/*!40101 SET character_set_client = @saved_cs_client */;

--
-- Dumping data for table `invoices`
--

LOCK TABLES `invoices` WRITE;
/*!40000 ALTER TABLE `invoices` DISABLE KEYS */;
/*!40000 ALTER TABLE `invoices` ENABLE KEYS */;
UNLOCK TABLES;

--
-- Table structure for table `jobs`
--

DROP TABLE IF EXISTS `jobs`;
/*!40101 SET @saved_cs_client     = @@character_set_client */;
/*!50503 SET character_set_client = utf8mb4 */;
CREATE TABLE `jobs` (
  `id` bigint unsigned NOT NULL AUTO_INCREMENT,
  `queue` varchar(255) COLLATE utf8mb4_unicode_ci NOT NULL,
  `payload` longtext COLLATE utf8mb4_unicode_ci NOT NULL,
  `attempts` tinyint unsigned NOT NULL,
  `reserved_at` int unsigned DEFAULT NULL,
  `available_at` int unsigned NOT NULL,
  `created_at` int unsigned NOT NULL,
  PRIMARY KEY (`id`),
  KEY `jobs_queue_index` (`queue`)
) ENGINE=InnoDB DEFAULT CHARSET=utf8mb4 COLLATE=utf8mb4_unicode_ci;
/*!40101 SET character_set_client = @saved_cs_client */;

--
-- Dumping data for table `jobs`
--

LOCK TABLES `jobs` WRITE;
/*!40000 ALTER TABLE `jobs` DISABLE KEYS */;
/*!40000 ALTER TABLE `jobs` ENABLE KEYS */;
UNLOCK TABLES;

--
-- Table structure for table `marks`
--

DROP TABLE IF EXISTS `marks`;
/*!40101 SET @saved_cs_client     = @@character_set_client */;
/*!50503 SET character_set_client = utf8mb4 */;
CREATE TABLE `marks` (
  `id` bigint unsigned NOT NULL AUTO_INCREMENT,
  `exam_id` bigint unsigned NOT NULL,
  `stream_id` bigint unsigned NOT NULL,
  `subject_id` bigint unsigned NOT NULL,
  `student_id` bigint unsigned NOT NULL,
  `created_at` timestamp NULL DEFAULT NULL,
  `updated_at` timestamp NULL DEFAULT NULL,
  `marks` int DEFAULT NULL,
  PRIMARY KEY (`id`),
  KEY `marks_exam_id_foreign` (`exam_id`),
  KEY `marks_stream_id_foreign` (`stream_id`),
  KEY `marks_subject_id_foreign` (`subject_id`),
  KEY `marks_student_id_foreign` (`student_id`),
  CONSTRAINT `marks_exam_id_foreign` FOREIGN KEY (`exam_id`) REFERENCES `exams` (`id`) ON DELETE CASCADE,
  CONSTRAINT `marks_stream_id_foreign` FOREIGN KEY (`stream_id`) REFERENCES `streams` (`id`) ON DELETE CASCADE,
  CONSTRAINT `marks_student_id_foreign` FOREIGN KEY (`student_id`) REFERENCES `students` (`id`) ON DELETE CASCADE,
  CONSTRAINT `marks_subject_id_foreign` FOREIGN KEY (`subject_id`) REFERENCES `subjects` (`id`) ON DELETE CASCADE
) ENGINE=InnoDB AUTO_INCREMENT=1485 DEFAULT CHARSET=utf8mb4 COLLATE=utf8mb4_unicode_ci;
/*!40101 SET character_set_client = @saved_cs_client */;

--
-- Dumping data for table `marks`
--

LOCK TABLES `marks` WRITE;
/*!40000 ALTER TABLE `marks` DISABLE KEYS */;
INSERT INTO `marks` VALUES (3,2,2,1,2,'2024-03-11 09:57:15','2024-03-11 09:57:15',22),(4,2,2,1,3,'2024-03-11 09:57:15','2024-03-11 09:57:15',29),(5,2,2,1,4,'2024-03-11 09:57:15','2024-03-11 09:57:15',30),(6,2,2,1,5,'2024-03-11 09:57:15','2024-03-11 09:57:15',23),(7,2,2,1,6,'2024-03-11 09:57:15','2024-03-11 09:57:15',25),(8,2,2,1,7,'2024-03-11 09:57:15','2024-03-11 09:57:15',30),(9,2,2,1,8,'2024-03-11 09:57:15','2024-03-11 09:57:15',34),(10,2,2,1,9,'2024-03-11 09:57:15','2024-03-11 09:57:15',38),(11,2,2,1,10,'2024-03-11 09:57:15','2024-03-11 09:57:15',53),(12,2,2,1,11,'2024-03-11 09:57:15','2024-03-11 09:57:15',45),(13,2,2,1,12,'2024-03-11 09:57:15','2024-03-11 09:57:15',40),(14,2,2,1,13,'2024-03-11 09:57:15','2024-03-11 09:57:15',54),(15,2,2,1,14,'2024-03-11 09:57:15','2024-03-11 09:57:15',55),(16,2,2,1,15,'2024-03-11 09:57:15','2024-03-11 09:57:15',49),(17,2,2,1,16,'2024-03-11 09:57:15','2024-03-11 09:57:15',64),(18,2,2,1,17,'2024-03-11 09:57:15','2024-03-11 09:57:15',64),(19,2,2,1,18,'2024-03-11 09:57:15','2024-03-11 09:57:15',60),(20,2,2,1,19,'2024-03-11 09:57:15','2024-03-11 09:57:15',57),(21,2,2,1,20,'2024-03-11 09:57:15','2024-03-11 09:57:15',60),(22,2,2,1,21,'2024-03-11 09:57:15','2024-03-11 09:57:15',61),(23,2,2,1,22,'2024-03-11 09:57:15','2024-03-11 09:57:15',73),(24,2,2,1,23,'2024-03-11 09:57:15','2024-03-11 09:57:15',70),(25,2,2,1,24,'2024-03-11 09:57:15','2024-03-11 09:57:15',78),(26,2,2,1,25,'2024-03-11 09:57:15','2024-03-11 09:57:15',70),(27,2,2,1,26,'2024-03-11 09:57:15','2024-03-11 09:57:15',75),(28,2,2,1,27,'2024-03-11 09:57:15','2024-03-11 09:57:15',75),(29,2,2,1,28,'2024-03-11 09:57:15','2024-03-11 09:57:15',85),(30,2,2,1,29,'2024-03-11 09:57:15','2024-03-11 09:57:15',82),(31,2,2,1,30,'2024-03-11 09:57:15','2024-03-11 09:57:15',88),(32,2,2,1,31,'2024-03-11 09:57:15','2024-03-11 09:57:15',85),(33,2,2,2,2,'2024-03-11 09:59:38','2024-03-11 09:59:38',7),(34,2,2,2,3,'2024-03-11 09:59:38','2024-03-11 09:59:38',13),(35,2,2,2,4,'2024-03-11 09:59:38','2024-03-11 09:59:38',18),(36,2,2,2,5,'2024-03-11 09:59:38','2024-03-11 09:59:38',26),(37,2,2,2,6,'2024-03-11 09:59:38','2024-03-11 09:59:38',29),(38,2,2,2,7,'2024-03-11 09:59:38','2024-03-11 09:59:38',29),(39,2,2,2,8,'2024-03-11 09:59:38','2024-03-11 09:59:38',28),(40,2,2,2,9,'2024-03-11 09:59:38','2024-03-11 09:59:38',33),(41,2,2,2,10,'2024-03-11 09:59:38','2024-03-11 09:59:38',27),(42,2,2,2,11,'2024-03-11 09:59:38','2024-03-11 09:59:38',37),(43,2,2,2,12,'2024-03-11 09:59:38','2024-03-11 09:59:38',50),(44,2,2,2,13,'2024-03-11 09:59:38','2024-03-11 09:59:38',35),(45,2,2,2,14,'2024-03-11 09:59:38','2024-03-11 09:59:38',36),(46,2,2,2,15,'2024-03-11 09:59:38','2024-03-11 09:59:38',45),(47,2,2,2,16,'2024-03-11 09:59:38','2024-03-11 09:59:38',32),(48,2,2,2,17,'2024-03-11 09:59:38','2024-03-11 09:59:38',36),(49,2,2,2,18,'2024-03-11 09:59:38','2024-03-11 09:59:38',41),(50,2,2,2,19,'2024-03-11 09:59:38','2024-03-11 09:59:38',47),(51,2,2,2,20,'2024-03-11 09:59:38','2024-03-11 09:59:38',48),(52,2,2,2,21,'2024-03-11 09:59:38','2024-03-11 09:59:38',46),(53,2,2,2,22,'2024-03-11 09:59:38','2024-03-11 09:59:38',37),(54,2,2,2,23,'2024-03-11 09:59:38','2024-03-11 09:59:38',48),(55,2,2,2,24,'2024-03-11 09:59:38','2024-03-11 09:59:38',45),(56,2,2,2,25,'2024-03-11 09:59:38','2024-03-11 09:59:38',55),(57,2,2,2,26,'2024-03-11 09:59:38','2024-03-11 09:59:38',53),(58,2,2,2,27,'2024-03-11 09:59:38','2024-03-11 09:59:38',56),(59,2,2,2,28,'2024-03-11 09:59:38','2024-03-11 09:59:38',53),(60,2,2,2,29,'2024-03-11 09:59:38','2024-03-11 09:59:38',62),(61,2,2,2,30,'2024-03-11 09:59:38','2024-03-11 09:59:38',60),(62,2,2,2,31,'2024-03-11 09:59:38','2024-03-11 09:59:38',67),(63,2,3,1,66,'2024-03-11 18:56:58','2024-03-11 18:56:58',29),(64,2,3,1,67,'2024-03-11 18:56:58','2024-03-11 18:56:58',42),(65,2,3,1,68,'2024-03-11 18:56:58','2024-03-11 18:56:58',32),(66,2,3,1,69,'2024-03-11 18:56:58','2024-03-11 18:56:58',52),(67,2,3,1,70,'2024-03-11 18:56:58','2024-03-11 18:56:58',43),(68,2,3,1,71,'2024-03-11 18:56:58','2024-03-11 18:56:58',58),(69,2,3,1,72,'2024-03-11 18:56:58','2024-03-11 18:56:58',49),(70,2,3,1,73,'2024-03-11 18:56:58','2024-03-11 18:56:58',50),(71,2,3,1,74,'2024-03-11 18:56:58','2024-03-11 18:56:58',49),(72,2,3,1,75,'2024-03-11 18:56:58','2024-03-11 18:56:58',46),(73,2,3,1,76,'2024-03-11 18:56:58','2024-03-11 18:56:58',53),(74,2,3,1,77,'2024-03-11 18:56:58','2024-03-11 18:56:58',54),(75,2,3,1,78,'2024-03-11 18:56:58','2024-03-11 18:56:58',53),(76,2,3,1,79,'2024-03-11 18:56:58','2024-03-11 18:56:58',58),(77,2,3,1,80,'2024-03-11 18:56:58','2024-03-11 18:56:58',61),(78,2,3,1,81,'2024-03-11 18:56:58','2024-03-11 18:56:58',53),(79,2,3,1,82,'2024-03-11 18:56:58','2024-03-11 18:56:58',55),(80,2,3,1,83,'2024-03-11 18:56:58','2024-03-11 18:56:58',67),(81,2,3,1,84,'2024-03-11 18:56:58','2024-03-11 18:56:58',62),(82,2,3,1,85,'2024-03-11 18:56:58','2024-03-11 18:56:58',61),(83,2,3,1,86,'2024-03-11 18:56:58','2024-03-11 18:56:58',71),(84,2,3,1,87,'2024-03-11 18:56:58','2024-03-11 18:56:58',66),(85,2,3,1,88,'2024-03-11 18:56:58','2024-03-11 18:56:58',71),(86,2,3,1,89,'2024-03-11 18:56:58','2024-03-11 18:56:58',82),(87,2,3,1,90,'2024-03-11 18:56:58','2024-03-11 18:56:58',71),(88,2,3,1,91,'2024-03-11 18:56:58','2024-03-11 18:56:58',77),(89,2,3,1,92,'2024-03-11 18:56:58','2024-03-11 18:56:58',70),(90,2,3,1,93,'2024-03-11 18:56:58','2024-03-11 18:56:58',65),(91,2,3,1,94,'2024-03-11 18:56:58','2024-03-11 18:56:58',76),(92,2,3,1,95,'2024-03-11 18:56:58','2024-03-11 18:56:58',74),(93,2,3,1,96,'2024-03-11 18:56:58','2024-03-11 18:56:58',79),(94,2,3,1,97,'2024-03-11 18:56:58','2024-03-11 18:56:58',77),(95,2,3,1,98,'2024-03-11 18:56:58','2024-03-11 18:56:58',82),(96,2,3,1,99,'2024-03-11 18:56:58','2024-03-11 18:56:58',79),(97,2,3,1,100,'2024-03-11 18:56:58','2024-03-11 18:56:58',86),(98,2,3,1,101,'2024-03-11 18:56:58','2024-03-11 18:56:58',77),(99,2,3,2,66,'2024-03-11 18:57:54','2024-03-11 18:57:54',35),(100,2,3,2,67,'2024-03-11 18:57:54','2024-03-11 18:57:54',22),(101,2,3,2,68,'2024-03-11 18:57:54','2024-03-11 18:57:54',37),(102,2,3,2,69,'2024-03-11 18:57:54','2024-03-11 18:57:54',22),(103,2,3,2,70,'2024-03-11 18:57:54','2024-03-11 18:57:54',33),(104,2,3,2,71,'2024-03-11 18:57:54','2024-03-11 18:57:54',19),(105,2,3,2,72,'2024-03-11 18:57:54','2024-03-11 18:57:54',28),(106,2,3,2,73,'2024-03-11 18:57:54','2024-03-11 18:57:54',28),(107,2,3,2,74,'2024-03-11 18:57:54','2024-03-11 18:57:54',30),(108,2,3,2,75,'2024-03-11 18:57:54','2024-03-11 18:57:54',38),(109,2,3,2,76,'2024-03-11 18:57:54','2024-03-11 18:57:54',36),(110,2,3,2,77,'2024-03-11 18:57:54','2024-03-11 18:57:54',36),(111,2,3,2,78,'2024-03-11 18:57:54','2024-03-11 18:57:54',41),(112,2,3,2,79,'2024-03-11 18:57:54','2024-03-11 18:57:54',35),(113,2,3,2,80,'2024-03-11 18:57:54','2024-03-11 18:57:54',37),(114,2,3,2,81,'2024-03-11 18:57:54','2024-03-11 18:57:54',45),(115,2,3,2,82,'2024-03-11 18:57:54','2024-03-11 18:57:54',42),(116,2,3,2,83,'2024-03-11 18:57:54','2024-03-11 18:57:54',34),(117,2,3,2,84,'2024-03-11 18:57:54','2024-03-11 18:57:54',45),(118,2,3,2,85,'2024-03-11 18:57:54','2024-03-11 18:57:54',48),(119,2,3,2,86,'2024-03-11 18:57:54','2024-03-11 18:57:54',40),(120,2,3,2,87,'2024-03-11 18:57:54','2024-03-11 18:57:54',46),(121,2,3,2,88,'2024-03-11 18:57:54','2024-03-11 18:57:54',42),(122,2,3,2,89,'2024-03-11 18:57:54','2024-03-11 18:57:54',32),(123,2,3,2,90,'2024-03-11 18:57:54','2024-03-11 18:57:54',45),(124,2,3,2,91,'2024-03-11 18:57:54','2024-03-11 18:57:54',41),(125,2,3,2,92,'2024-03-11 18:57:54','2024-03-11 18:57:54',48),(126,2,3,2,93,'2024-03-11 18:57:54','2024-03-11 18:57:54',55),(127,2,3,2,94,'2024-03-11 18:57:54','2024-03-11 18:57:54',43),(128,2,3,2,95,'2024-03-11 18:57:54','2024-03-11 18:57:54',45),(129,2,3,2,96,'2024-03-11 18:57:54','2024-03-11 18:57:54',42),(130,2,3,2,97,'2024-03-11 18:57:54','2024-03-11 18:57:54',50),(131,2,3,2,98,'2024-03-11 18:57:54','2024-03-11 18:57:54',48),(132,2,3,2,99,'2024-03-11 18:57:54','2024-03-11 18:57:54',52),(133,2,3,2,100,'2024-03-11 18:57:54','2024-03-11 18:57:54',52),(134,2,3,2,101,'2024-03-11 18:57:54','2024-03-11 18:57:54',77),(135,2,4,1,102,'2024-03-11 18:58:59','2024-03-11 18:58:59',34),(136,2,4,1,103,'2024-03-11 18:58:59','2024-03-11 18:58:59',28),(137,2,4,1,104,'2024-03-11 18:58:59','2024-03-11 18:58:59',34),(138,2,4,1,105,'2024-03-11 18:58:59','2024-03-11 18:58:59',36),(139,2,4,1,106,'2024-03-11 18:58:59','2024-03-11 18:58:59',44),(140,2,4,1,107,'2024-03-11 18:58:59','2024-03-11 18:58:59',34),(141,2,4,1,108,'2024-03-11 18:58:59','2024-03-11 18:58:59',45),(142,2,4,1,109,'2024-03-11 18:58:59','2024-03-11 18:58:59',38),(143,2,4,1,110,'2024-03-11 18:58:59','2024-03-11 18:58:59',45),(144,2,4,1,111,'2024-03-11 18:58:59','2024-03-11 18:58:59',51),(145,2,4,1,112,'2024-03-11 18:58:59','2024-03-11 18:58:59',44),(146,2,4,1,113,'2024-03-11 18:58:59','2024-03-11 18:58:59',51),(147,2,4,1,114,'2024-03-11 18:58:59','2024-03-11 18:58:59',48),(148,2,4,1,115,'2024-03-11 18:58:59','2024-03-11 18:58:59',51),(149,2,4,1,116,'2024-03-11 18:58:59','2024-03-11 18:58:59',58),(150,2,4,1,117,'2024-03-11 18:58:59','2024-03-11 18:58:59',59),(151,2,4,1,118,'2024-03-11 18:58:59','2024-03-11 18:58:59',60),(152,2,4,1,119,'2024-03-11 18:58:59','2024-03-11 18:58:59',64),(153,2,4,1,120,'2024-03-11 18:59:00','2024-03-11 18:59:00',55),(154,2,4,1,121,'2024-03-11 18:59:00','2024-03-11 18:59:00',72),(155,2,4,1,122,'2024-03-11 18:59:00','2024-03-11 18:59:00',74),(156,2,4,1,123,'2024-03-11 18:59:00','2024-03-11 18:59:00',75),(157,2,4,1,124,'2024-03-11 18:59:00','2024-03-11 18:59:00',70),(158,2,4,1,125,'2024-03-11 18:59:00','2024-03-11 18:59:00',69),(159,2,4,1,126,'2024-03-11 18:59:00','2024-03-11 18:59:00',74),(160,2,4,1,127,'2024-03-11 18:59:00','2024-03-11 18:59:00',78),(161,2,4,1,128,'2024-03-11 18:59:00','2024-03-11 18:59:00',76),(162,2,4,2,102,'2024-03-11 18:59:48','2024-03-11 18:59:48',17),(163,2,4,2,103,'2024-03-11 18:59:48','2024-03-11 18:59:48',29),(164,2,4,2,104,'2024-03-11 18:59:48','2024-03-11 18:59:48',30),(165,2,4,2,105,'2024-03-11 18:59:48','2024-03-11 18:59:48',28),(166,2,4,2,106,'2024-03-11 18:59:48','2024-03-11 18:59:48',22),(167,2,4,2,107,'2024-03-11 18:59:48','2024-03-11 18:59:48',32),(168,2,4,2,108,'2024-03-11 18:59:48','2024-03-11 18:59:48',31),(169,2,4,2,109,'2024-03-11 18:59:48','2024-03-11 18:59:48',38),(170,2,4,2,110,'2024-03-11 18:59:48','2024-03-11 18:59:48',34),(171,2,4,2,111,'2024-03-11 18:59:48','2024-03-11 18:59:48',29),(172,2,4,2,112,'2024-03-11 18:59:48','2024-03-11 18:59:48',38),(173,2,4,2,113,'2024-03-11 18:59:48','2024-03-11 18:59:48',39),(174,2,4,2,114,'2024-03-11 18:59:48','2024-03-11 18:59:48',43),(175,2,4,2,115,'2024-03-11 18:59:48','2024-03-11 18:59:48',40),(176,2,4,2,116,'2024-03-11 18:59:48','2024-03-11 18:59:48',38),(177,2,4,2,117,'2024-03-11 18:59:48','2024-03-11 18:59:48',38),(178,2,4,2,118,'2024-03-11 18:59:48','2024-03-11 18:59:48',41),(179,2,4,2,119,'2024-03-11 18:59:48','2024-03-11 18:59:48',39),(180,2,4,2,120,'2024-03-11 18:59:48','2024-03-11 18:59:48',54),(181,2,4,2,121,'2024-03-11 18:59:48','2024-03-11 18:59:48',38),(182,2,4,2,122,'2024-03-11 18:59:48','2024-03-11 18:59:48',38),(183,2,4,2,123,'2024-03-11 18:59:48','2024-03-11 18:59:48',42),(184,2,4,2,124,'2024-03-11 18:59:48','2024-03-11 18:59:48',59),(185,2,4,2,125,'2024-03-11 18:59:48','2024-03-11 18:59:48',54),(186,2,4,2,126,'2024-03-11 18:59:48','2024-03-11 18:59:48',52),(187,2,4,2,127,'2024-03-11 18:59:48','2024-03-11 18:59:48',48),(188,2,4,2,128,'2024-03-11 18:59:48','2024-03-11 18:59:48',51),(189,2,12,1,395,'2024-03-11 19:03:53','2024-03-11 19:03:53',42),(190,2,12,1,396,'2024-03-11 19:03:53','2024-03-11 19:03:53',68),(191,2,12,1,397,'2024-03-11 19:03:53','2024-03-11 19:03:53',26),(192,2,12,1,398,'2024-03-11 19:03:53','2024-03-11 19:03:53',43),(193,2,12,1,399,'2024-03-11 19:03:53','2024-03-11 19:03:53',38),(194,2,12,1,400,'2024-03-11 19:03:53','2024-03-11 19:03:53',41),(195,2,12,1,401,'2024-03-11 19:03:53','2024-03-11 19:03:53',43),(196,2,12,1,402,'2024-03-11 19:03:53','2024-03-11 19:03:53',50),(197,2,12,1,403,'2024-03-11 19:03:53','2024-03-11 19:03:53',41),(198,2,12,1,404,'2024-03-11 19:03:53','2024-03-11 19:03:53',56),(199,2,12,1,405,'2024-03-11 19:03:53','2024-03-11 19:03:53',50),(200,2,12,1,406,'2024-03-11 19:03:53','2024-03-11 19:03:53',37),(201,2,12,1,407,'2024-03-11 19:03:53','2024-03-11 19:03:53',16),(202,2,12,1,352,'2024-03-11 19:03:53','2024-03-11 19:03:53',37),(203,2,12,1,353,'2024-03-11 19:03:53','2024-03-11 19:03:53',38),(204,2,12,1,354,'2024-03-11 19:03:53','2024-03-11 19:03:53',59),(205,2,12,1,355,'2024-03-11 19:03:53','2024-03-11 19:03:53',45),(206,2,12,1,356,'2024-03-11 19:03:53','2024-03-11 19:03:53',36),(207,2,12,1,357,'2024-03-11 19:03:53','2024-03-11 19:03:53',60),(208,2,12,1,358,'2024-03-11 19:03:53','2024-03-11 19:03:53',40),(209,2,12,1,359,'2024-03-11 19:03:53','2024-03-11 19:03:53',49),(210,2,12,1,360,'2024-03-11 19:03:53','2024-03-11 19:03:53',43),(211,2,12,1,361,'2024-03-11 19:03:53','2024-03-11 19:03:53',65),(212,2,12,1,362,'2024-03-11 19:03:53','2024-03-11 19:03:53',48),(213,2,12,1,363,'2024-03-11 19:03:53','2024-03-11 19:03:53',50),(214,2,12,1,364,'2024-03-11 19:03:53','2024-03-11 19:03:53',52),(215,2,12,1,365,'2024-03-11 19:03:53','2024-03-11 19:03:53',52),(216,2,12,1,366,'2024-03-11 19:03:53','2024-03-11 19:03:53',39),(217,2,12,1,367,'2024-03-11 19:03:53','2024-03-11 19:03:53',53),(218,2,12,1,368,'2024-03-11 19:03:53','2024-03-11 19:03:53',54),(219,2,12,1,369,'2024-03-11 19:03:53','2024-03-11 19:03:53',43),(220,2,12,1,370,'2024-03-11 19:03:53','2024-03-11 19:03:53',56),(221,2,12,1,371,'2024-03-11 19:03:53','2024-03-11 19:03:53',35),(222,2,12,1,372,'2024-03-11 19:03:53','2024-03-11 19:03:53',67),(223,2,12,1,373,'2024-03-11 19:03:53','2024-03-11 19:03:53',53),(224,2,12,1,374,'2024-03-11 19:03:53','2024-03-11 19:03:53',25),(225,2,12,1,375,'2024-03-11 19:03:53','2024-03-11 19:03:53',72),(226,2,12,1,376,'2024-03-11 19:03:53','2024-03-11 19:03:53',31),(227,2,12,1,378,'2024-03-11 19:03:53','2024-03-11 19:03:53',76),(228,2,12,1,379,'2024-03-11 19:03:53','2024-03-11 19:03:53',63),(229,2,12,1,380,'2024-03-11 19:03:53','2024-03-11 19:03:53',42),(230,2,12,1,381,'2024-03-11 19:03:53','2024-03-11 19:03:53',17),(231,2,12,1,382,'2024-03-11 19:03:53','2024-03-11 19:03:53',47),(232,2,12,1,383,'2024-03-11 19:03:53','2024-03-11 19:03:53',45),(233,2,12,1,384,'2024-03-11 19:03:53','2024-03-11 19:03:53',50),(234,2,12,1,387,'2024-03-11 19:03:53','2024-03-11 19:03:53',65),(235,2,12,1,388,'2024-03-11 19:03:53','2024-03-11 19:03:53',53),(236,2,12,1,389,'2024-03-11 19:03:53','2024-03-11 19:03:53',65),(237,2,12,1,390,'2024-03-11 19:03:53','2024-03-11 19:03:53',60),(238,2,12,1,391,'2024-03-11 19:03:53','2024-03-11 19:03:53',72),(239,2,12,1,392,'2024-03-11 19:03:53','2024-03-11 19:03:53',60),(240,2,12,1,393,'2024-03-11 19:03:53','2024-03-11 19:03:53',68),(241,2,12,1,394,'2024-03-11 19:03:53','2024-03-11 19:03:53',56),(242,2,12,2,395,'2024-03-11 19:05:03','2024-03-11 19:05:03',55),(243,2,12,2,396,'2024-03-11 19:05:03','2024-03-11 19:05:03',96),(244,2,12,2,397,'2024-03-11 19:05:03','2024-03-11 19:05:03',59),(245,2,12,2,398,'2024-03-11 19:05:03','2024-03-11 19:05:03',19),(246,2,12,2,399,'2024-03-11 19:05:03','2024-03-11 19:05:03',77),(247,2,12,2,400,'2024-03-11 19:05:03','2024-03-11 19:05:03',44),(248,2,12,2,401,'2024-03-11 19:05:03','2024-03-11 19:05:03',38),(249,2,12,2,402,'2024-03-11 19:05:03','2024-03-11 19:05:03',68),(250,2,12,2,403,'2024-03-11 19:05:03','2024-03-11 19:05:03',29),(251,2,12,2,404,'2024-03-11 19:05:03','2024-03-11 19:05:03',63),(252,2,12,2,405,'2024-03-11 19:05:03','2024-03-11 19:05:03',46),(253,2,12,2,406,'2024-03-11 19:05:03','2024-03-11 19:05:03',56),(254,2,12,2,407,'2024-03-11 19:05:03','2024-03-11 19:05:03',60),(255,2,12,2,352,'2024-03-11 19:05:03','2024-03-11 19:05:03',60),(256,2,12,2,353,'2024-03-11 19:05:03','2024-03-11 19:05:03',89),(257,2,12,2,354,'2024-03-11 19:05:03','2024-03-11 19:05:03',54),(258,2,12,2,355,'2024-03-11 19:05:03','2024-03-11 19:05:03',69),(259,2,12,2,356,'2024-03-11 19:05:03','2024-03-11 19:05:03',21),(260,2,12,2,357,'2024-03-11 19:05:03','2024-03-11 19:05:03',97),(261,2,12,2,358,'2024-03-11 19:05:03','2024-03-11 19:05:03',91),(262,2,12,2,359,'2024-03-11 19:05:03','2024-03-11 19:05:03',37),(263,2,12,2,360,'2024-03-11 19:05:03','2024-03-11 19:05:03',51),(264,2,12,2,361,'2024-03-11 19:05:03','2024-03-11 19:05:03',44),(265,2,12,2,362,'2024-03-11 19:05:03','2024-03-11 19:05:03',25),(266,2,12,2,363,'2024-03-11 19:05:03','2024-03-11 19:05:03',72),(267,2,12,2,364,'2024-03-11 19:05:03','2024-03-11 19:05:03',37),(268,2,12,2,365,'2024-03-11 19:05:03','2024-03-11 19:05:03',13),(269,2,12,2,366,'2024-03-11 19:05:03','2024-03-11 19:05:03',33),(270,2,12,2,367,'2024-03-11 19:05:03','2024-03-11 19:05:03',85),(271,2,12,2,368,'2024-03-11 19:05:03','2024-03-11 19:05:03',73),(272,2,12,2,369,'2024-03-11 19:05:03','2024-03-11 19:05:03',34),(273,2,12,2,370,'2024-03-11 19:05:03','2024-03-11 19:05:03',27),(274,2,12,2,371,'2024-03-11 19:05:03','2024-03-11 19:05:03',67),(275,2,12,2,372,'2024-03-11 19:05:03','2024-03-11 19:05:03',25),(276,2,12,2,373,'2024-03-11 19:05:03','2024-03-11 19:05:03',91),(277,2,12,2,374,'2024-03-11 19:05:03','2024-03-11 19:05:03',47),(278,2,12,2,375,'2024-03-11 19:05:03','2024-03-11 19:05:03',79),(279,2,12,2,376,'2024-03-11 19:05:03','2024-03-11 19:05:03',16),(280,2,12,2,377,'2024-03-11 19:05:03','2024-03-11 19:05:03',69),(281,2,12,2,378,'2024-03-11 19:05:03','2024-03-11 19:05:03',64),(282,2,12,2,379,'2024-03-11 19:05:03','2024-03-11 19:05:03',71),(283,2,12,2,380,'2024-03-11 19:05:03','2024-03-11 19:05:03',59),(284,2,12,2,381,'2024-03-11 19:05:03','2024-03-11 19:05:03',85),(285,2,12,2,382,'2024-03-11 19:05:03','2024-03-11 19:05:03',25),(286,2,12,2,383,'2024-03-11 19:05:03','2024-03-11 19:05:03',78),(287,2,12,2,384,'2024-03-11 19:05:03','2024-03-11 19:05:03',95),(288,2,12,2,385,'2024-03-11 19:05:03','2024-03-11 19:05:03',18),(289,2,12,2,386,'2024-03-11 19:05:03','2024-03-11 19:05:03',39),(290,2,12,2,387,'2024-03-11 19:05:03','2024-03-11 19:05:03',92),(291,2,12,2,388,'2024-03-11 19:05:03','2024-03-11 19:05:03',90),(292,2,12,2,389,'2024-03-11 19:05:03','2024-03-11 19:05:03',59),(293,2,12,2,390,'2024-03-11 19:05:03','2024-03-11 19:05:03',64),(294,2,12,2,391,'2024-03-11 19:05:03','2024-03-11 19:05:03',72),(295,2,12,2,392,'2024-03-11 19:05:03','2024-03-11 19:05:03',59),(296,2,12,2,393,'2024-03-11 19:05:03','2024-03-11 19:05:03',40),(297,2,12,2,394,'2024-03-11 19:05:03','2024-03-11 19:05:03',37),(298,2,5,1,131,'2024-03-11 19:06:34','2024-03-11 19:06:34',55),(299,2,5,1,147,'2024-03-11 19:06:34','2024-03-11 19:06:34',56),(300,2,5,1,159,'2024-03-11 19:06:34','2024-03-11 19:06:34',42),(301,2,5,1,148,'2024-03-11 19:06:34','2024-03-11 19:06:34',19),(302,2,5,1,171,'2024-03-11 19:06:34','2024-03-11 19:06:34',82),(303,2,5,1,145,'2024-03-11 19:06:34','2024-03-11 19:06:34',11),(304,2,5,1,140,'2024-03-11 19:06:34','2024-03-11 19:06:34',52),(305,2,5,1,175,'2024-03-11 19:06:34','2024-03-11 19:06:34',89),(306,2,5,1,172,'2024-03-11 19:06:34','2024-03-11 19:06:34',19),(307,2,5,1,168,'2024-03-11 19:06:34','2024-03-11 19:06:34',88),(308,2,5,1,157,'2024-03-11 19:06:34','2024-03-11 19:06:34',53),(309,2,5,1,134,'2024-03-11 19:06:34','2024-03-11 19:06:34',70),(310,2,5,1,152,'2024-03-11 19:06:34','2024-03-11 19:06:34',57),(311,2,5,1,186,'2024-03-11 19:06:34','2024-03-11 19:06:34',35),(312,2,5,1,137,'2024-03-11 19:06:34','2024-03-11 19:06:34',51),(313,2,5,1,135,'2024-03-11 19:06:34','2024-03-11 19:06:34',94),(314,2,5,1,161,'2024-03-11 19:06:34','2024-03-11 19:06:34',59),(315,2,5,1,132,'2024-03-11 19:06:34','2024-03-11 19:06:34',36),(316,2,5,1,160,'2024-03-11 19:06:34','2024-03-11 19:06:34',63),(317,2,5,1,142,'2024-03-11 19:06:34','2024-03-11 19:06:34',35),(318,2,5,1,183,'2024-03-11 19:06:34','2024-03-11 19:06:34',60),(319,2,5,1,149,'2024-03-11 19:06:34','2024-03-11 19:06:34',15),(320,2,5,1,153,'2024-03-11 19:06:34','2024-03-11 19:06:34',43),(321,2,5,1,169,'2024-03-11 19:06:34','2024-03-11 19:06:34',31),(322,2,5,1,158,'2024-03-11 19:06:34','2024-03-11 19:06:34',72),(323,2,5,1,170,'2024-03-11 19:06:34','2024-03-11 19:06:34',66),(324,2,5,1,164,'2024-03-11 19:06:34','2024-03-11 19:06:34',78),(325,2,5,1,187,'2024-03-11 19:06:34','2024-03-11 19:06:34',49),(326,2,5,1,173,'2024-03-11 19:06:34','2024-03-11 19:06:34',36),(327,2,5,1,162,'2024-03-11 19:06:34','2024-03-11 19:06:34',53),(328,2,5,1,176,'2024-03-11 19:06:34','2024-03-11 19:06:34',80),(329,2,5,1,141,'2024-03-11 19:06:34','2024-03-11 19:06:34',54),(330,2,5,1,154,'2024-03-11 19:06:34','2024-03-11 19:06:34',29),(331,2,5,1,165,'2024-03-11 19:06:34','2024-03-11 19:06:34',52),(332,2,5,1,177,'2024-03-11 19:06:34','2024-03-11 19:06:34',15),(333,2,5,1,184,'2024-03-11 19:06:34','2024-03-11 19:06:34',82),(334,2,5,1,138,'2024-03-11 19:06:34','2024-03-11 19:06:34',43),(335,2,5,1,178,'2024-03-11 19:06:34','2024-03-11 19:06:34',71),(336,2,5,1,133,'2024-03-11 19:06:34','2024-03-11 19:06:34',60),(337,2,5,1,180,'2024-03-11 19:06:34','2024-03-11 19:06:34',33),(338,2,5,1,179,'2024-03-11 19:06:34','2024-03-11 19:06:34',57),(339,2,5,1,166,'2024-03-11 19:06:34','2024-03-11 19:06:34',46),(340,2,5,1,146,'2024-03-11 19:06:34','2024-03-11 19:06:34',77),(341,2,5,1,181,'2024-03-11 19:06:34','2024-03-11 19:06:34',43),(342,2,5,1,188,'2024-03-11 19:06:34','2024-03-11 19:06:34',77),(343,2,5,1,167,'2024-03-11 19:06:34','2024-03-11 19:06:34',53),(344,2,5,1,174,'2024-03-11 19:06:34','2024-03-11 19:06:34',40),(345,2,5,1,151,'2024-03-11 19:06:34','2024-03-11 19:06:34',77),(346,2,5,1,185,'2024-03-11 19:06:34','2024-03-11 19:06:34',25),(347,2,5,1,129,'2024-03-11 19:06:34','2024-03-11 19:06:34',65),(348,2,5,1,155,'2024-03-11 19:06:34','2024-03-11 19:06:34',82),(349,2,5,1,156,'2024-03-11 19:06:34','2024-03-11 19:06:34',77),(350,2,5,1,130,'2024-03-11 19:06:34','2024-03-11 19:06:34',61),(351,2,5,1,150,'2024-03-11 19:06:34','2024-03-11 19:06:34',75),(352,2,5,1,143,'2024-03-11 19:06:34','2024-03-11 19:06:34',47),(353,2,5,1,182,'2024-03-11 19:06:34','2024-03-11 19:06:34',68),(354,2,5,1,139,'2024-03-11 19:06:34','2024-03-11 19:06:34',61),(355,2,5,1,136,'2024-03-11 19:06:34','2024-03-11 19:06:34',83),(356,2,5,1,163,'2024-03-11 19:06:34','2024-03-11 19:06:34',51),(357,2,5,1,144,'2024-03-11 19:06:34','2024-03-11 19:06:34',75),(358,2,5,2,131,'2024-03-11 19:07:51','2024-03-11 19:07:51',90),(359,2,5,2,147,'2024-03-11 19:07:51','2024-03-11 19:07:51',58),(360,2,5,2,159,'2024-03-11 19:07:51','2024-03-11 19:07:51',67),(361,2,5,2,148,'2024-03-11 19:07:51','2024-03-11 19:07:51',39),(362,2,5,2,171,'2024-03-11 19:07:51','2024-03-11 19:07:51',62),(363,2,5,2,145,'2024-03-11 19:07:51','2024-03-11 19:07:51',32),(364,2,5,2,140,'2024-03-11 19:07:51','2024-03-11 19:07:51',65),(365,2,5,2,175,'2024-03-11 19:07:51','2024-03-11 19:07:51',68),(366,2,5,2,172,'2024-03-11 19:07:51','2024-03-11 19:07:51',81),(367,2,5,2,168,'2024-03-11 19:07:51','2024-03-11 19:07:51',62),(368,2,5,2,157,'2024-03-11 19:07:51','2024-03-11 19:07:51',63),(369,2,5,2,134,'2024-03-11 19:07:51','2024-03-11 19:07:51',70),(370,2,5,2,152,'2024-03-11 19:07:51','2024-03-11 19:07:51',53),(371,2,5,2,186,'2024-03-11 19:07:51','2024-03-11 19:07:51',26),(372,2,5,2,137,'2024-03-11 19:07:51','2024-03-11 19:07:51',85),(373,2,5,2,135,'2024-03-11 19:07:51','2024-03-11 19:07:51',46),(374,2,5,2,161,'2024-03-11 19:07:51','2024-03-11 19:07:51',72),(375,2,5,2,132,'2024-03-11 19:07:51','2024-03-11 19:07:51',54),(376,2,5,2,160,'2024-03-11 19:07:51','2024-03-11 19:07:51',26),(377,2,5,2,142,'2024-03-11 19:07:51','2024-03-11 19:07:51',34),(378,2,5,2,183,'2024-03-11 19:07:51','2024-03-11 19:07:51',70),(379,2,5,2,149,'2024-03-11 19:07:51','2024-03-11 19:07:51',28),(380,2,5,2,153,'2024-03-11 19:07:51','2024-03-11 19:07:51',51),(381,2,5,2,169,'2024-03-11 19:07:51','2024-03-11 19:07:51',59),(382,2,5,2,158,'2024-03-11 19:07:51','2024-03-11 19:07:51',23),(383,2,5,2,170,'2024-03-11 19:07:51','2024-03-11 19:07:51',85),(384,2,5,2,164,'2024-03-11 19:07:51','2024-03-11 19:07:51',96),(385,2,5,2,187,'2024-03-11 19:07:51','2024-03-11 19:07:51',13),(386,2,5,2,173,'2024-03-11 19:07:51','2024-03-11 19:07:51',47),(387,2,5,2,162,'2024-03-11 19:07:51','2024-03-11 19:07:51',61),(388,2,5,2,176,'2024-03-11 19:07:51','2024-03-11 19:07:51',78),(389,2,5,2,141,'2024-03-11 19:07:51','2024-03-11 19:07:51',46),(390,2,5,2,154,'2024-03-11 19:07:51','2024-03-11 19:07:51',81),(391,2,5,2,165,'2024-03-11 19:07:51','2024-03-11 19:07:51',52),(392,2,5,2,177,'2024-03-11 19:07:51','2024-03-11 19:07:51',66),(393,2,5,2,184,'2024-03-11 19:07:51','2024-03-11 19:07:51',18),(394,2,5,2,138,'2024-03-11 19:07:51','2024-03-11 19:07:51',41),(395,2,5,2,178,'2024-03-11 19:07:51','2024-03-11 19:07:51',42),(396,2,5,2,133,'2024-03-11 19:07:51','2024-03-11 19:07:51',54),(397,2,5,2,180,'2024-03-11 19:07:51','2024-03-11 19:07:51',93),(398,2,5,2,179,'2024-03-11 19:07:51','2024-03-11 19:07:51',73),(399,2,5,2,166,'2024-03-11 19:07:51','2024-03-11 19:07:51',40),(400,2,5,2,146,'2024-03-11 19:07:51','2024-03-11 19:07:51',55),(401,2,5,2,181,'2024-03-11 19:07:51','2024-03-11 19:07:51',65),(402,2,5,2,188,'2024-03-11 19:07:51','2024-03-11 19:07:51',81),(403,2,5,2,167,'2024-03-11 19:07:51','2024-03-11 19:07:51',50),(404,2,5,2,174,'2024-03-11 19:07:51','2024-03-11 19:07:51',60),(405,2,5,2,151,'2024-03-11 19:07:51','2024-03-11 19:07:51',66),(406,2,5,2,185,'2024-03-11 19:07:51','2024-03-11 19:07:51',44),(407,2,5,2,129,'2024-03-11 19:07:51','2024-03-11 19:07:51',45),(408,2,5,2,155,'2024-03-11 19:07:51','2024-03-11 19:07:51',42),(409,2,5,2,156,'2024-03-11 19:07:51','2024-03-11 19:07:51',29),(410,2,5,2,130,'2024-03-11 19:07:51','2024-03-11 19:07:51',85),(411,2,5,2,150,'2024-03-11 19:07:51','2024-03-11 19:07:51',26),(412,2,5,2,143,'2024-03-11 19:07:51','2024-03-11 19:07:51',59),(413,2,5,2,182,'2024-03-11 19:07:51','2024-03-11 19:07:51',66),(414,2,5,2,139,'2024-03-11 19:07:51','2024-03-11 19:07:51',27),(415,2,5,2,136,'2024-03-11 19:07:51','2024-03-11 19:07:51',54),(416,2,5,2,163,'2024-03-11 19:07:51','2024-03-11 19:07:51',43),(417,2,5,2,144,'2024-03-11 19:07:51','2024-03-11 19:07:51',71),(418,2,6,1,189,'2024-03-11 19:08:48','2024-03-11 19:08:48',36),(419,2,6,1,190,'2024-03-11 19:08:48','2024-03-11 19:08:48',93),(420,2,6,1,191,'2024-03-11 19:08:48','2024-03-11 19:08:48',72),(421,2,6,1,192,'2024-03-11 19:08:48','2024-03-11 19:08:48',32),(422,2,6,1,193,'2024-03-11 19:08:48','2024-03-11 19:08:48',56),(423,2,6,1,194,'2024-03-11 19:08:48','2024-03-11 19:08:48',41),(424,2,6,1,195,'2024-03-11 19:08:48','2024-03-11 19:08:48',21),(425,2,6,1,196,'2024-03-11 19:08:48','2024-03-11 19:08:48',78),(426,2,6,1,197,'2024-03-11 19:08:48','2024-03-11 19:08:48',91),(427,2,6,1,198,'2024-03-11 19:08:48','2024-03-11 19:08:48',75),(428,2,6,1,199,'2024-03-11 19:08:48','2024-03-11 19:08:48',93),(429,2,6,1,200,'2024-03-11 19:08:48','2024-03-11 19:08:48',38),(430,2,6,1,201,'2024-03-11 19:08:48','2024-03-11 19:08:48',42),(431,2,6,1,202,'2024-03-11 19:08:48','2024-03-11 19:08:48',54),(432,2,6,1,203,'2024-03-11 19:08:48','2024-03-11 19:08:48',42),(433,2,6,1,204,'2024-03-11 19:08:48','2024-03-11 19:08:48',29),(434,2,6,1,205,'2024-03-11 19:08:48','2024-03-11 19:08:48',75),(435,2,6,1,206,'2024-03-11 19:08:48','2024-03-11 19:08:48',58),(436,2,6,1,207,'2024-03-11 19:08:48','2024-03-11 19:08:48',79),(437,2,6,1,208,'2024-03-11 19:08:48','2024-03-11 19:08:48',78),(438,2,6,1,209,'2024-03-11 19:08:48','2024-03-11 19:08:48',73),(439,2,6,1,210,'2024-03-11 19:08:48','2024-03-11 19:08:48',17),(440,2,6,1,211,'2024-03-11 19:08:48','2024-03-11 19:08:48',68),(441,2,6,1,212,'2024-03-11 19:08:48','2024-03-11 19:08:48',98),(442,2,6,1,213,'2024-03-11 19:08:48','2024-03-11 19:08:48',86),(443,2,6,1,214,'2024-03-11 19:08:48','2024-03-11 19:08:48',47),(444,2,6,2,189,'2024-03-11 19:09:05','2024-03-11 19:09:05',30),(445,2,6,2,190,'2024-03-11 19:09:05','2024-03-11 19:09:05',74),(446,2,6,2,191,'2024-03-11 19:09:05','2024-03-11 19:09:05',26),(447,2,6,2,192,'2024-03-11 19:09:05','2024-03-11 19:09:05',56),(448,2,6,2,193,'2024-03-11 19:09:05','2024-03-11 19:09:05',91),(449,2,6,2,194,'2024-03-11 19:09:05','2024-03-11 19:09:05',15),(450,2,6,2,195,'2024-03-11 19:09:05','2024-03-11 19:09:05',24),(451,2,6,2,196,'2024-03-11 19:09:05','2024-03-11 19:09:05',38),(452,2,6,2,197,'2024-03-11 19:09:05','2024-03-11 19:09:05',62),(453,2,6,2,198,'2024-03-11 19:09:05','2024-03-11 19:09:05',49),(454,2,6,2,199,'2024-03-11 19:09:05','2024-03-11 19:09:05',49),(455,2,6,2,200,'2024-03-11 19:09:05','2024-03-11 19:09:05',66),(456,2,6,2,201,'2024-03-11 19:09:05','2024-03-11 19:09:05',34),(457,2,6,2,202,'2024-03-11 19:09:05','2024-03-11 19:09:05',14),(458,2,6,2,203,'2024-03-11 19:09:05','2024-03-11 19:09:05',85),(459,2,6,2,204,'2024-03-11 19:09:05','2024-03-11 19:09:05',64),(460,2,6,2,205,'2024-03-11 19:09:05','2024-03-11 19:09:05',41),(461,2,6,2,206,'2024-03-11 19:09:05','2024-03-11 19:09:05',19),(462,2,6,2,207,'2024-03-11 19:09:05','2024-03-11 19:09:05',82),(463,2,6,2,208,'2024-03-11 19:09:05','2024-03-11 19:09:05',40),(464,2,6,2,209,'2024-03-11 19:09:05','2024-03-11 19:09:05',17),(465,2,6,2,210,'2024-03-11 19:09:05','2024-03-11 19:09:05',57),(466,2,6,2,211,'2024-03-11 19:09:05','2024-03-11 19:09:05',84),(467,2,6,2,212,'2024-03-11 19:09:05','2024-03-11 19:09:05',25),(468,2,6,2,213,'2024-03-11 19:09:05','2024-03-11 19:09:05',47),(469,2,6,2,214,'2024-03-11 19:09:05','2024-03-11 19:09:05',45),(470,2,7,1,215,'2024-03-11 19:09:50','2024-03-11 19:09:50',94),(471,2,7,1,216,'2024-03-11 19:09:50','2024-03-11 19:09:50',26),(472,2,7,1,217,'2024-03-11 19:09:50','2024-03-11 19:09:50',59),(473,2,7,1,218,'2024-03-11 19:09:50','2024-03-11 19:09:50',41),(474,2,7,1,219,'2024-03-11 19:09:50','2024-03-11 19:09:50',28),(475,2,7,1,220,'2024-03-11 19:09:50','2024-03-11 19:09:50',48),(476,2,7,1,221,'2024-03-11 19:09:50','2024-03-11 19:09:50',10),(477,2,7,1,222,'2024-03-11 19:09:50','2024-03-11 19:09:50',66),(478,2,7,1,223,'2024-03-11 19:09:50','2024-03-11 19:09:50',18),(479,2,7,1,224,'2024-03-11 19:09:50','2024-03-11 19:09:50',40),(480,2,7,1,225,'2024-03-11 19:09:50','2024-03-11 19:09:50',91),(481,2,7,1,226,'2024-03-11 19:09:50','2024-03-11 19:09:50',68),(482,2,7,1,227,'2024-03-11 19:09:50','2024-03-11 19:09:50',51),(483,2,7,1,228,'2024-03-11 19:09:50','2024-03-11 19:09:50',12),(484,2,7,1,229,'2024-03-11 19:09:50','2024-03-11 19:09:50',31),(485,2,7,1,230,'2024-03-11 19:09:50','2024-03-11 19:09:50',61),(486,2,7,1,231,'2024-03-11 19:09:50','2024-03-11 19:09:50',65),(487,2,7,1,232,'2024-03-11 19:09:50','2024-03-11 19:09:50',83),(488,2,7,1,233,'2024-03-11 19:09:50','2024-03-11 19:09:50',16),(489,2,7,1,234,'2024-03-11 19:09:50','2024-03-11 19:09:50',36),(490,2,7,1,235,'2024-03-11 19:09:50','2024-03-11 19:09:50',95),(491,2,7,1,236,'2024-03-11 19:09:50','2024-03-11 19:09:50',61),(492,2,7,2,215,'2024-03-11 19:10:43','2024-03-11 19:10:43',43),(493,2,7,2,216,'2024-03-11 19:10:43','2024-03-11 19:10:43',46),(494,2,7,2,217,'2024-03-11 19:10:43','2024-03-11 19:10:43',25),(495,2,7,2,218,'2024-03-11 19:10:43','2024-03-11 19:10:43',33),(496,2,7,2,219,'2024-03-11 19:10:43','2024-03-11 19:10:43',53),(497,2,7,2,220,'2024-03-11 19:10:43','2024-03-11 19:10:43',68),(498,2,7,2,221,'2024-03-11 19:10:43','2024-03-11 19:10:43',88),(499,2,7,2,222,'2024-03-11 19:10:43','2024-03-11 19:10:43',40),(500,2,7,2,223,'2024-03-11 19:10:43','2024-03-11 19:10:43',62),(501,2,7,2,224,'2024-03-11 19:10:43','2024-03-11 19:10:43',87),(502,2,7,2,225,'2024-03-11 19:10:43','2024-03-11 19:10:43',91),(503,2,7,2,226,'2024-03-11 19:10:43','2024-03-11 19:10:43',81),(504,2,7,2,227,'2024-03-11 19:10:43','2024-03-11 19:10:43',68),(505,2,7,2,228,'2024-03-11 19:10:43','2024-03-11 19:10:43',18),(506,2,7,2,229,'2024-03-11 19:10:43','2024-03-11 19:10:43',63),(507,2,7,2,230,'2024-03-11 19:10:43','2024-03-11 19:10:43',56),(508,2,7,2,231,'2024-03-11 19:10:43','2024-03-11 19:10:43',63),(509,2,7,2,232,'2024-03-11 19:10:43','2024-03-11 19:10:43',71),(510,2,7,2,233,'2024-03-11 19:10:43','2024-03-11 19:10:43',90),(511,2,7,2,234,'2024-03-11 19:10:43','2024-03-11 19:10:43',83),(512,2,7,2,235,'2024-03-11 19:10:43','2024-03-11 19:10:43',60),(513,2,7,2,236,'2024-03-11 19:10:43','2024-03-11 19:10:43',48),(514,2,8,1,237,'2024-03-11 19:11:22','2024-03-11 19:11:22',36),(515,2,8,1,238,'2024-03-11 19:11:22','2024-03-11 19:11:22',31),(516,2,8,1,239,'2024-03-11 19:11:22','2024-03-11 19:11:22',82),(517,2,8,1,240,'2024-03-11 19:11:22','2024-03-11 19:11:22',44),(518,2,8,1,241,'2024-03-11 19:11:22','2024-03-11 19:11:22',84),(519,2,8,1,242,'2024-03-11 19:11:22','2024-03-11 19:11:22',55),(520,2,8,1,243,'2024-03-11 19:11:22','2024-03-11 19:11:22',71),(521,2,8,1,244,'2024-03-11 19:11:22','2024-03-11 19:11:22',56),(522,2,8,1,245,'2024-03-11 19:11:22','2024-03-11 19:11:22',83),(523,2,8,1,246,'2024-03-11 19:11:22','2024-03-11 19:11:22',27),(524,2,8,1,247,'2024-03-11 19:11:22','2024-03-11 19:11:22',55),(525,2,8,1,248,'2024-03-11 19:11:22','2024-03-11 19:11:22',70),(526,2,8,1,249,'2024-03-11 19:11:22','2024-03-11 19:11:22',65),(527,2,8,1,250,'2024-03-11 19:11:22','2024-03-11 19:11:22',64),(528,2,8,1,251,'2024-03-11 19:11:22','2024-03-11 19:11:22',49),(529,2,8,1,252,'2024-03-11 19:11:22','2024-03-11 19:11:22',41),(530,2,8,1,253,'2024-03-11 19:11:22','2024-03-11 19:11:22',68),(531,2,8,1,254,'2024-03-11 19:11:22','2024-03-11 19:11:22',25),(532,2,8,1,255,'2024-03-11 19:11:22','2024-03-11 19:11:22',14),(533,2,8,1,256,'2024-03-11 19:11:22','2024-03-11 19:11:22',64),(534,2,8,1,257,'2024-03-11 19:11:22','2024-03-11 19:11:22',56),(535,2,8,1,258,'2024-03-11 19:11:22','2024-03-11 19:11:22',54),(536,2,8,1,259,'2024-03-11 19:11:22','2024-03-11 19:11:22',75),(537,2,8,1,260,'2024-03-11 19:11:22','2024-03-11 19:11:22',85),(538,2,8,1,261,'2024-03-11 19:11:22','2024-03-11 19:11:22',32),(539,2,8,1,262,'2024-03-11 19:11:22','2024-03-11 19:11:22',92),(540,2,8,1,263,'2024-03-11 19:11:22','2024-03-11 19:11:22',55),(541,2,8,1,264,'2024-03-11 19:11:22','2024-03-11 19:11:22',50),(542,2,8,2,237,'2024-03-11 19:12:03','2024-03-11 19:12:03',46),(543,2,8,2,238,'2024-03-11 19:12:03','2024-03-11 19:12:03',87),(544,2,8,2,239,'2024-03-11 19:12:03','2024-03-11 19:12:03',66),(545,2,8,2,240,'2024-03-11 19:12:03','2024-03-11 19:12:03',55),(546,2,8,2,241,'2024-03-11 19:12:03','2024-03-11 19:12:03',38),(547,2,8,2,242,'2024-03-11 19:12:03','2024-03-11 19:12:03',65),(548,2,8,2,243,'2024-03-11 19:12:03','2024-03-11 19:12:03',80),(549,2,8,2,244,'2024-03-11 19:12:03','2024-03-11 19:12:03',54),(550,2,8,2,245,'2024-03-11 19:12:03','2024-03-11 19:12:03',72),(551,2,8,2,246,'2024-03-11 19:12:03','2024-03-11 19:12:03',71),(552,2,8,2,247,'2024-03-11 19:12:03','2024-03-11 19:12:03',75),(553,2,8,2,248,'2024-03-11 19:12:03','2024-03-11 19:12:03',60),(554,2,8,2,249,'2024-03-11 19:12:03','2024-03-11 19:12:03',32),(555,2,8,2,250,'2024-03-11 19:12:03','2024-03-11 19:12:03',58),(556,2,8,2,251,'2024-03-11 19:12:03','2024-03-11 19:12:03',73),(557,2,8,2,252,'2024-03-11 19:12:03','2024-03-11 19:12:03',26),(558,2,8,2,253,'2024-03-11 19:12:03','2024-03-11 19:12:03',53),(559,2,8,2,254,'2024-03-11 19:12:03','2024-03-11 19:12:03',62),(560,2,8,2,255,'2024-03-11 19:12:03','2024-03-11 19:12:03',77),(561,2,8,2,256,'2024-03-11 19:12:03','2024-03-11 19:12:03',56),(562,2,8,2,257,'2024-03-11 19:12:03','2024-03-11 19:12:03',43),(563,2,8,2,258,'2024-03-11 19:12:03','2024-03-11 19:12:03',44),(564,2,8,2,259,'2024-03-11 19:12:03','2024-03-11 19:12:03',88),(565,2,8,2,260,'2024-03-11 19:12:03','2024-03-11 19:12:03',55),(566,2,8,2,261,'2024-03-11 19:12:03','2024-03-11 19:12:03',61),(567,2,8,2,262,'2024-03-11 19:12:03','2024-03-11 19:12:03',82),(568,2,8,2,263,'2024-03-11 19:12:03','2024-03-11 19:12:03',66),(569,2,8,2,264,'2024-03-11 19:12:03','2024-03-11 19:12:03',65),(570,2,13,1,468,'2024-03-11 19:13:52','2024-03-11 19:13:52',40),(571,2,13,1,469,'2024-03-11 19:13:52','2024-03-11 19:13:52',45),(572,2,13,1,470,'2024-03-11 19:13:52','2024-03-11 19:13:52',91),(573,2,13,1,471,'2024-03-11 19:13:52','2024-03-11 19:13:52',94),(574,2,13,1,472,'2024-03-11 19:13:52','2024-03-11 19:13:52',61),(575,2,13,1,473,'2024-03-11 19:13:52','2024-03-11 19:13:52',26),(576,2,13,1,474,'2024-03-11 19:13:52','2024-03-11 19:13:52',72),(577,2,13,1,475,'2024-03-11 19:13:52','2024-03-11 19:13:52',62),(578,2,13,1,476,'2024-03-11 19:13:52','2024-03-11 19:13:52',19),(579,2,13,1,477,'2024-03-11 19:13:52','2024-03-11 19:13:52',74),(580,2,13,1,478,'2024-03-11 19:13:52','2024-03-11 19:13:52',14),(581,2,13,1,479,'2024-03-11 19:13:52','2024-03-11 19:13:52',84),(582,2,13,1,408,'2024-03-11 19:13:52','2024-03-11 19:13:52',23),(583,2,13,1,409,'2024-03-11 19:13:52','2024-03-11 19:13:52',94),(584,2,13,1,410,'2024-03-11 19:13:52','2024-03-11 19:13:52',73),(585,2,13,1,411,'2024-03-11 19:13:52','2024-03-11 19:13:52',35),(586,2,13,1,412,'2024-03-11 19:13:52','2024-03-11 19:13:52',52),(587,2,13,1,413,'2024-03-11 19:13:52','2024-03-11 19:13:52',87),(588,2,13,1,414,'2024-03-11 19:13:52','2024-03-11 19:13:52',60),(589,2,13,1,415,'2024-03-11 19:13:52','2024-03-11 19:13:52',57),(590,2,13,1,416,'2024-03-11 19:13:52','2024-03-11 19:13:52',66),(591,2,13,1,417,'2024-03-11 19:13:52','2024-03-11 19:13:52',58),(592,2,13,1,418,'2024-03-11 19:13:52','2024-03-11 19:13:52',61),(593,2,13,1,419,'2024-03-11 19:13:52','2024-03-11 19:13:52',72),(594,2,13,1,420,'2024-03-11 19:13:52','2024-03-11 19:13:52',87),(595,2,13,1,421,'2024-03-11 19:13:52','2024-03-11 19:13:52',22),(596,2,13,1,422,'2024-03-11 19:13:52','2024-03-11 19:13:52',21),(597,2,13,1,423,'2024-03-11 19:13:52','2024-03-11 19:13:52',75),(598,2,13,1,424,'2024-03-11 19:13:52','2024-03-11 19:13:52',39),(599,2,13,1,425,'2024-03-11 19:13:52','2024-03-11 19:13:52',57),(600,2,13,1,426,'2024-03-11 19:13:52','2024-03-11 19:13:52',39),(601,2,13,1,427,'2024-03-11 19:13:52','2024-03-11 19:13:52',48),(602,2,13,1,428,'2024-03-11 19:13:52','2024-03-11 19:13:52',84),(603,2,13,1,429,'2024-03-11 19:13:52','2024-03-11 19:13:52',86),(604,2,13,1,430,'2024-03-11 19:13:52','2024-03-11 19:13:52',48),(605,2,13,1,431,'2024-03-11 19:13:52','2024-03-11 19:13:52',71),(606,2,13,1,432,'2024-03-11 19:13:52','2024-03-11 19:13:52',89),(607,2,13,1,433,'2024-03-11 19:13:52','2024-03-11 19:13:52',62),(608,2,13,1,434,'2024-03-11 19:13:52','2024-03-11 19:13:52',79),(609,2,13,1,435,'2024-03-11 19:13:52','2024-03-11 19:13:52',48),(610,2,13,1,436,'2024-03-11 19:13:52','2024-03-11 19:13:52',28),(611,2,13,1,437,'2024-03-11 19:13:52','2024-03-11 19:13:52',44),(612,2,13,1,438,'2024-03-11 19:13:52','2024-03-11 19:13:52',65),(613,2,13,1,439,'2024-03-11 19:13:52','2024-03-11 19:13:52',66),(614,2,13,1,440,'2024-03-11 19:13:52','2024-03-11 19:13:52',42),(615,2,13,1,441,'2024-03-11 19:13:52','2024-03-11 19:13:52',80),(616,2,13,1,442,'2024-03-11 19:13:52','2024-03-11 19:13:52',28),(617,2,13,1,443,'2024-03-11 19:13:52','2024-03-11 19:13:52',54),(618,2,13,1,444,'2024-03-11 19:13:52','2024-03-11 19:13:52',46),(619,2,13,1,445,'2024-03-11 19:13:52','2024-03-11 19:13:52',30),(620,2,13,1,446,'2024-03-11 19:13:52','2024-03-11 19:13:52',98),(621,2,13,1,447,'2024-03-11 19:13:52','2024-03-11 19:13:52',54),(622,2,13,1,448,'2024-03-11 19:13:52','2024-03-11 19:13:52',52),(623,2,13,1,449,'2024-03-11 19:13:52','2024-03-11 19:13:52',67),(624,2,13,1,450,'2024-03-11 19:13:52','2024-03-11 19:13:52',60),(625,2,13,1,451,'2024-03-11 19:13:52','2024-03-11 19:13:52',79),(626,2,13,1,452,'2024-03-11 19:13:52','2024-03-11 19:13:52',71),(627,2,13,1,453,'2024-03-11 19:13:52','2024-03-11 19:13:52',65),(628,2,13,1,454,'2024-03-11 19:13:52','2024-03-11 19:13:52',30),(629,2,13,1,455,'2024-03-11 19:13:52','2024-03-11 19:13:52',63),(630,2,13,1,456,'2024-03-11 19:13:52','2024-03-11 19:13:52',56),(631,2,13,1,457,'2024-03-11 19:13:52','2024-03-11 19:13:52',95),(632,2,13,1,458,'2024-03-11 19:13:52','2024-03-11 19:13:52',21),(633,2,13,1,459,'2024-03-11 19:13:52','2024-03-11 19:13:52',87),(634,2,13,1,460,'2024-03-11 19:13:52','2024-03-11 19:13:52',48),(635,2,13,1,461,'2024-03-11 19:13:52','2024-03-11 19:13:52',54),(636,2,13,1,462,'2024-03-11 19:13:52','2024-03-11 19:13:52',46),(637,2,13,1,463,'2024-03-11 19:13:52','2024-03-11 19:13:52',10),(638,2,13,1,464,'2024-03-11 19:13:52','2024-03-11 19:13:52',47),(639,2,13,1,465,'2024-03-11 19:13:52','2024-03-11 19:13:52',35),(640,2,13,1,466,'2024-03-11 19:13:52','2024-03-11 19:13:52',29),(641,2,13,1,467,'2024-03-11 19:13:52','2024-03-11 19:13:52',57),(642,2,13,2,468,'2024-03-11 19:15:03','2024-03-11 19:15:03',58),(643,2,13,2,469,'2024-03-11 19:15:03','2024-03-11 19:15:03',43),(644,2,13,2,470,'2024-03-11 19:15:03','2024-03-11 19:15:03',17),(645,2,13,2,471,'2024-03-11 19:15:03','2024-03-11 19:15:03',76),(646,2,13,2,472,'2024-03-11 19:15:03','2024-03-11 19:15:03',22),(647,2,13,2,473,'2024-03-11 19:15:03','2024-03-11 19:15:03',23),(648,2,13,2,474,'2024-03-11 19:15:03','2024-03-11 19:15:03',92),(649,2,13,2,475,'2024-03-11 19:15:03','2024-03-11 19:15:03',54),(650,2,13,2,476,'2024-03-11 19:15:03','2024-03-11 19:15:03',39),(651,2,13,2,477,'2024-03-11 19:15:03','2024-03-11 19:15:03',62),(652,2,13,2,478,'2024-03-11 19:15:03','2024-03-11 19:15:03',89),(653,2,13,2,479,'2024-03-11 19:15:03','2024-03-11 19:15:03',65),(654,2,13,2,408,'2024-03-11 19:15:03','2024-03-11 19:15:03',59),(655,2,13,2,409,'2024-03-11 19:15:03','2024-03-11 19:15:03',66),(656,2,13,2,410,'2024-03-11 19:15:03','2024-03-11 19:15:03',30),(657,2,13,2,411,'2024-03-11 19:15:03','2024-03-11 19:15:03',3),(658,2,13,2,412,'2024-03-11 19:15:03','2024-03-11 19:15:03',20),(659,2,13,2,413,'2024-03-11 19:15:03','2024-03-11 19:15:03',88),(660,2,13,2,414,'2024-03-11 19:15:03','2024-03-11 19:15:03',49),(661,2,13,2,415,'2024-03-11 19:15:03','2024-03-11 19:15:03',26),(662,2,13,2,416,'2024-03-11 19:15:03','2024-03-11 19:15:03',72),(663,2,13,2,417,'2024-03-11 19:15:03','2024-03-11 19:15:03',79),(664,2,13,2,418,'2024-03-11 19:15:03','2024-03-11 19:15:03',27),(665,2,13,2,419,'2024-03-11 19:15:03','2024-03-11 19:15:03',27),(666,2,13,2,420,'2024-03-11 19:15:03','2024-03-11 19:15:03',52),(667,2,13,2,421,'2024-03-11 19:15:03','2024-03-11 19:15:03',57),(668,2,13,2,422,'2024-03-11 19:15:03','2024-03-11 19:15:03',58),(669,2,13,2,423,'2024-03-11 19:15:03','2024-03-11 19:15:03',33),(670,2,13,2,424,'2024-03-11 19:15:03','2024-03-11 19:15:03',48),(671,2,13,2,425,'2024-03-11 19:15:03','2024-03-11 19:15:03',33),(672,2,13,2,426,'2024-03-11 19:15:03','2024-03-11 19:15:03',49),(673,2,13,2,427,'2024-03-11 19:15:03','2024-03-11 19:15:03',25),(674,2,13,2,428,'2024-03-11 19:15:03','2024-03-11 19:15:03',83),(675,2,13,2,429,'2024-03-11 19:15:03','2024-03-11 19:15:03',71),(676,2,13,2,430,'2024-03-11 19:15:03','2024-03-11 19:15:03',64),(677,2,13,2,431,'2024-03-11 19:15:03','2024-03-11 19:15:03',40),(678,2,13,2,432,'2024-03-11 19:15:03','2024-03-11 19:15:03',85),(679,2,13,2,433,'2024-03-11 19:15:03','2024-03-11 19:15:03',60),(680,2,13,2,434,'2024-03-11 19:15:03','2024-03-11 19:15:03',70),(681,2,13,2,435,'2024-03-11 19:15:03','2024-03-11 19:15:03',39),(682,2,13,2,436,'2024-03-11 19:15:03','2024-03-11 19:15:03',81),(683,2,13,2,437,'2024-03-11 19:15:03','2024-03-11 19:15:03',49),(684,2,13,2,438,'2024-03-11 19:15:03','2024-03-11 19:15:03',34),(685,2,13,2,439,'2024-03-11 19:15:03','2024-03-11 19:15:03',38),(686,2,13,2,440,'2024-03-11 19:15:03','2024-03-11 19:15:03',86),(687,2,13,2,441,'2024-03-11 19:15:03','2024-03-11 19:15:03',75),(688,2,13,2,442,'2024-03-11 19:15:03','2024-03-11 19:15:03',43),(689,2,13,2,443,'2024-03-11 19:15:03','2024-03-11 19:15:03',48),(690,2,13,2,444,'2024-03-11 19:15:03','2024-03-11 19:15:03',54),(691,2,13,2,445,'2024-03-11 19:15:03','2024-03-11 19:15:03',34),(692,2,13,2,446,'2024-03-11 19:15:03','2024-03-11 19:15:03',55),(693,2,13,2,447,'2024-03-11 19:15:03','2024-03-11 19:15:03',92),(694,2,13,2,448,'2024-03-11 19:15:03','2024-03-11 19:15:03',37),(695,2,13,2,449,'2024-03-11 19:15:03','2024-03-11 19:15:03',81),(696,2,13,2,450,'2024-03-11 19:15:03','2024-03-11 19:15:03',73),(697,2,13,2,451,'2024-03-11 19:15:03','2024-03-11 19:15:03',76),(698,2,13,2,452,'2024-03-11 19:15:03','2024-03-11 19:15:03',72),(699,2,13,2,453,'2024-03-11 19:15:03','2024-03-11 19:15:03',26),(700,2,13,2,454,'2024-03-11 19:15:03','2024-03-11 19:15:03',73),(701,2,13,2,455,'2024-03-11 19:15:03','2024-03-11 19:15:03',92),(702,2,13,2,456,'2024-03-11 19:15:03','2024-03-11 19:15:03',62),(703,2,13,2,457,'2024-03-11 19:15:03','2024-03-11 19:15:03',30),(704,2,13,2,458,'2024-03-11 19:15:03','2024-03-11 19:15:03',41),(705,2,13,2,459,'2024-03-11 19:15:03','2024-03-11 19:15:03',13),(706,2,13,2,460,'2024-03-11 19:15:03','2024-03-11 19:15:03',96),(707,2,13,2,461,'2024-03-11 19:15:03','2024-03-11 19:15:03',78),(708,2,13,2,462,'2024-03-11 19:15:03','2024-03-11 19:15:03',24),(709,2,13,2,463,'2024-03-11 19:15:03','2024-03-11 19:15:03',23),(710,2,13,2,464,'2024-03-11 19:15:03','2024-03-11 19:15:03',73),(711,2,13,2,465,'2024-03-11 19:15:03','2024-03-11 19:15:03',38),(712,2,13,2,466,'2024-03-11 19:15:03','2024-03-11 19:15:03',35),(713,2,13,2,467,'2024-03-11 19:15:03','2024-03-11 19:15:03',35),(714,2,9,1,265,'2024-03-11 19:16:16','2024-03-11 19:16:16',38),(715,2,9,1,291,'2024-03-11 19:16:16','2024-03-11 19:16:16',76),(716,2,9,1,266,'2024-03-11 19:16:16','2024-03-11 19:16:16',59),(717,2,9,1,267,'2024-03-11 19:16:16','2024-03-11 19:16:16',39),(718,2,9,1,268,'2024-03-11 19:16:16','2024-03-11 19:16:16',27),(719,2,9,1,269,'2024-03-11 19:16:16','2024-03-11 19:16:16',30),(720,2,9,1,270,'2024-03-11 19:16:16','2024-03-11 19:16:16',18),(721,2,9,1,271,'2024-03-11 19:16:16','2024-03-11 19:16:16',98),(722,2,9,1,272,'2024-03-11 19:16:16','2024-03-11 19:16:16',53),(723,2,9,1,273,'2024-03-11 19:16:16','2024-03-11 19:16:16',85),(724,2,9,1,274,'2024-03-11 19:16:16','2024-03-11 19:16:16',21),(725,2,9,1,275,'2024-03-11 19:16:16','2024-03-11 19:16:16',18),(726,2,9,1,276,'2024-03-11 19:16:16','2024-03-11 19:16:16',71),(727,2,9,1,277,'2024-03-11 19:16:16','2024-03-11 19:16:16',46),(728,2,9,1,278,'2024-03-11 19:16:16','2024-03-11 19:16:16',75),(729,2,9,1,279,'2024-03-11 19:16:16','2024-03-11 19:16:16',44),(730,2,9,1,280,'2024-03-11 19:16:16','2024-03-11 19:16:16',54),(731,2,9,1,281,'2024-03-11 19:16:16','2024-03-11 19:16:16',69),(732,2,9,1,282,'2024-03-11 19:16:16','2024-03-11 19:16:16',79),(733,2,9,1,283,'2024-03-11 19:16:16','2024-03-11 19:16:16',76),(734,2,9,1,284,'2024-03-11 19:16:16','2024-03-11 19:16:16',24),(735,2,9,1,285,'2024-03-11 19:16:16','2024-03-11 19:16:16',89),(736,2,9,1,286,'2024-03-11 19:16:16','2024-03-11 19:16:16',69),(737,2,9,1,287,'2024-03-11 19:16:16','2024-03-11 19:16:16',65),(738,2,9,1,288,'2024-03-11 19:16:16','2024-03-11 19:16:16',37),(739,2,9,1,289,'2024-03-11 19:16:16','2024-03-11 19:16:16',52),(740,2,9,1,290,'2024-03-11 19:16:16','2024-03-11 19:16:16',71),(741,2,9,2,265,'2024-03-11 19:16:53','2024-03-11 19:16:53',74),(742,2,9,2,291,'2024-03-11 19:16:53','2024-03-11 19:16:53',80),(743,2,9,2,266,'2024-03-11 19:16:53','2024-03-11 19:16:53',44),(744,2,9,2,267,'2024-03-11 19:16:53','2024-03-11 19:16:53',60),(745,2,9,2,268,'2024-03-11 19:16:53','2024-03-11 19:16:53',30),(746,2,9,2,269,'2024-03-11 19:16:53','2024-03-11 19:16:53',73),(747,2,9,2,270,'2024-03-11 19:16:53','2024-03-11 19:16:53',60),(748,2,9,2,271,'2024-03-11 19:16:53','2024-03-11 19:16:53',53),(749,2,9,2,272,'2024-03-11 19:16:53','2024-03-11 19:16:53',59),(750,2,9,2,273,'2024-03-11 19:16:53','2024-03-11 19:16:53',59),(751,2,9,2,274,'2024-03-11 19:16:53','2024-03-11 19:16:53',72),(752,2,9,2,275,'2024-03-11 19:16:53','2024-03-11 19:16:53',56),(753,2,9,2,276,'2024-03-11 19:16:53','2024-03-11 19:16:53',75),(754,2,9,2,277,'2024-03-11 19:16:53','2024-03-11 19:16:53',29),(755,2,9,2,278,'2024-03-11 19:16:53','2024-03-11 19:16:53',79),(756,2,9,2,279,'2024-03-11 19:16:53','2024-03-11 19:16:53',31),(757,2,9,2,280,'2024-03-11 19:16:53','2024-03-11 19:16:53',34),(758,2,9,2,281,'2024-03-11 19:16:53','2024-03-11 19:16:53',83),(759,2,9,2,282,'2024-03-11 19:16:53','2024-03-11 19:16:53',61),(760,2,9,2,283,'2024-03-11 19:16:53','2024-03-11 19:16:53',58),(761,2,9,2,284,'2024-03-11 19:16:53','2024-03-11 19:16:53',68),(762,2,9,2,285,'2024-03-11 19:16:53','2024-03-11 19:16:53',96),(763,2,9,2,286,'2024-03-11 19:16:53','2024-03-11 19:16:53',50),(764,2,9,2,287,'2024-03-11 19:16:53','2024-03-11 19:16:53',73),(765,2,9,2,288,'2024-03-11 19:16:53','2024-03-11 19:16:53',45),(766,2,9,2,289,'2024-03-11 19:16:53','2024-03-11 19:16:53',59),(767,2,9,2,290,'2024-03-11 19:16:53','2024-03-11 19:16:53',57),(768,2,10,1,292,'2024-03-11 19:18:00','2024-03-11 19:18:00',78),(769,2,10,1,293,'2024-03-11 19:18:00','2024-03-11 19:18:00',59),(770,2,10,1,294,'2024-03-11 19:18:00','2024-03-11 19:18:00',52),(771,2,10,1,295,'2024-03-11 19:18:00','2024-03-11 19:18:00',36),(772,2,10,1,296,'2024-03-11 19:18:00','2024-03-11 19:18:00',67),(773,2,10,1,297,'2024-03-11 19:18:00','2024-03-11 19:18:00',74),(774,2,10,1,298,'2024-03-11 19:18:00','2024-03-11 19:18:00',69),(775,2,10,1,299,'2024-03-11 19:18:00','2024-03-11 19:18:00',48),(776,2,10,1,300,'2024-03-11 19:18:00','2024-03-11 19:18:00',47),(777,2,10,1,301,'2024-03-11 19:18:00','2024-03-11 19:18:00',68),(778,2,10,1,302,'2024-03-11 19:18:00','2024-03-11 19:18:00',69),(779,2,10,1,303,'2024-03-11 19:18:00','2024-03-11 19:18:00',63),(780,2,10,1,304,'2024-03-11 19:18:00','2024-03-11 19:18:00',12),(781,2,10,1,305,'2024-03-11 19:18:00','2024-03-11 19:18:00',87),(782,2,10,1,306,'2024-03-11 19:18:00','2024-03-11 19:18:00',24),(783,2,10,1,307,'2024-03-11 19:18:00','2024-03-11 19:18:00',34),(784,2,10,1,308,'2024-03-11 19:18:00','2024-03-11 19:18:00',98),(785,2,10,1,309,'2024-03-11 19:18:00','2024-03-11 19:18:00',50),(786,2,10,1,310,'2024-03-11 19:18:00','2024-03-11 19:18:00',60),(787,2,10,1,311,'2024-03-11 19:18:00','2024-03-11 19:18:00',72),(788,2,10,1,312,'2024-03-11 19:18:00','2024-03-11 19:18:00',94),(789,2,10,1,313,'2024-03-11 19:18:00','2024-03-11 19:18:00',73),(790,2,10,1,314,'2024-03-11 19:18:00','2024-03-11 19:18:00',61),(791,2,10,1,315,'2024-03-11 19:18:00','2024-03-11 19:18:00',67),(792,2,10,1,316,'2024-03-11 19:18:00','2024-03-11 19:18:00',71),(793,2,10,1,317,'2024-03-11 19:18:00','2024-03-11 19:18:00',57),(794,2,10,1,318,'2024-03-11 19:18:00','2024-03-11 19:18:00',80),(795,2,10,1,319,'2024-03-11 19:18:00','2024-03-11 19:18:00',86),(796,2,10,1,320,'2024-03-11 19:18:00','2024-03-11 19:18:00',70),(797,2,10,1,321,'2024-03-11 19:18:00','2024-03-11 19:18:00',61),(798,2,10,2,292,'2024-03-11 19:19:39','2024-03-11 19:19:39',6),(799,2,10,2,293,'2024-03-11 19:19:39','2024-03-11 19:19:39',72),(800,2,10,2,294,'2024-03-11 19:19:39','2024-03-11 19:19:39',49),(801,2,10,2,295,'2024-03-11 19:19:39','2024-03-11 19:19:39',21),(802,2,10,2,296,'2024-03-11 19:19:39','2024-03-11 19:19:39',16),(803,2,10,2,297,'2024-03-11 19:19:39','2024-03-11 19:19:39',67),(804,2,10,2,298,'2024-03-11 19:19:39','2024-03-11 19:19:39',90),(805,2,10,2,299,'2024-03-11 19:19:39','2024-03-11 19:19:39',63),(806,2,10,2,300,'2024-03-11 19:19:39','2024-03-11 19:19:39',68),(807,2,10,2,301,'2024-03-11 19:19:39','2024-03-11 19:19:39',52),(808,2,10,2,302,'2024-03-11 19:19:39','2024-03-11 19:19:39',55),(809,2,10,2,303,'2024-03-11 19:19:39','2024-03-11 19:19:39',85),(810,2,10,2,304,'2024-03-11 19:19:39','2024-03-11 19:19:39',53),(811,2,10,2,305,'2024-03-11 19:19:39','2024-03-11 19:19:39',79),(812,2,10,2,306,'2024-03-11 19:19:39','2024-03-11 19:19:39',47),(813,2,10,2,307,'2024-03-11 19:19:39','2024-03-11 19:19:39',28),(814,2,10,2,308,'2024-03-11 19:19:39','2024-03-11 19:19:39',71),(815,2,10,2,309,'2024-03-11 19:19:39','2024-03-11 19:19:39',21),(816,2,10,2,310,'2024-03-11 19:19:39','2024-03-11 19:19:39',51),(817,2,10,2,311,'2024-03-11 19:19:39','2024-03-11 19:19:39',33),(818,2,10,2,312,'2024-03-11 19:19:39','2024-03-11 19:19:39',81),(819,2,10,2,313,'2024-03-11 19:19:39','2024-03-11 19:19:39',76),(820,2,10,2,314,'2024-03-11 19:19:39','2024-03-11 19:19:39',64),(821,2,10,2,315,'2024-03-11 19:19:39','2024-03-11 19:19:39',77),(822,2,10,2,316,'2024-03-11 19:19:39','2024-03-11 19:19:39',41),(823,2,10,2,317,'2024-03-11 19:19:39','2024-03-11 19:19:39',64),(824,2,10,2,318,'2024-03-11 19:19:39','2024-03-11 19:19:39',98),(825,2,10,2,319,'2024-03-11 19:19:39','2024-03-11 19:19:39',83),(826,2,10,2,320,'2024-03-11 19:19:39','2024-03-11 19:19:39',79),(827,2,10,2,321,'2024-03-11 19:19:39','2024-03-11 19:19:39',51),(828,2,11,1,324,'2024-03-11 19:20:36','2024-03-11 19:20:36',98),(829,2,11,1,325,'2024-03-11 19:20:36','2024-03-11 19:20:36',75),(830,2,11,1,323,'2024-03-11 19:20:36','2024-03-11 19:20:36',40),(831,2,11,1,326,'2024-03-11 19:20:36','2024-03-11 19:20:36',70),(832,2,11,1,327,'2024-03-11 19:20:36','2024-03-11 19:20:36',69),(833,2,11,1,328,'2024-03-11 19:20:36','2024-03-11 19:20:36',92),(834,2,11,1,351,'2024-03-11 19:20:36','2024-03-11 19:20:36',72),(835,2,11,1,329,'2024-03-11 19:20:36','2024-03-11 19:20:36',44),(836,2,11,1,330,'2024-03-11 19:20:36','2024-03-11 19:20:36',33),(837,2,11,1,331,'2024-03-11 19:20:36','2024-03-11 19:20:36',37),(838,2,11,1,332,'2024-03-11 19:20:36','2024-03-11 19:20:36',85),(839,2,11,1,333,'2024-03-11 19:20:36','2024-03-11 19:20:36',96),(840,2,11,1,322,'2024-03-11 19:20:36','2024-03-11 19:20:36',49),(841,2,11,1,334,'2024-03-11 19:20:36','2024-03-11 19:20:36',27),(842,2,11,1,335,'2024-03-11 19:20:36','2024-03-11 19:20:36',59),(843,2,11,1,336,'2024-03-11 19:20:36','2024-03-11 19:20:36',36),(844,2,11,1,337,'2024-03-11 19:20:36','2024-03-11 19:20:36',60),(845,2,11,1,338,'2024-03-11 19:20:36','2024-03-11 19:20:36',57),(846,2,11,1,339,'2024-03-11 19:20:36','2024-03-11 19:20:36',52),(847,2,11,1,340,'2024-03-11 19:20:36','2024-03-11 19:20:36',41),(848,2,11,1,341,'2024-03-11 19:20:36','2024-03-11 19:20:36',90),(849,2,11,1,342,'2024-03-11 19:20:36','2024-03-11 19:20:36',16),(850,2,11,1,343,'2024-03-11 19:20:36','2024-03-11 19:20:36',17),(851,2,11,1,344,'2024-03-11 19:20:36','2024-03-11 19:20:36',87),(852,2,11,1,345,'2024-03-11 19:20:36','2024-03-11 19:20:36',75),(853,2,11,1,346,'2024-03-11 19:20:36','2024-03-11 19:20:36',40),(854,2,11,1,347,'2024-03-11 19:20:36','2024-03-11 19:20:36',61),(855,2,11,1,348,'2024-03-11 19:20:36','2024-03-11 19:20:36',19),(856,2,11,1,349,'2024-03-11 19:20:36','2024-03-11 19:20:36',46),(857,2,11,1,350,'2024-03-11 19:20:36','2024-03-11 19:20:36',25),(858,2,11,2,324,'2024-03-11 19:21:23','2024-03-11 19:21:23',86),(859,2,11,2,325,'2024-03-11 19:21:23','2024-03-11 19:21:23',33),(860,2,11,2,323,'2024-03-11 19:21:23','2024-03-11 19:21:23',63),(861,2,11,2,326,'2024-03-11 19:21:23','2024-03-11 19:21:23',47),(862,2,11,2,327,'2024-03-11 19:21:23','2024-03-11 19:21:23',65),(863,2,11,2,328,'2024-03-11 19:21:23','2024-03-11 19:21:23',63),(864,2,11,2,351,'2024-03-11 19:21:23','2024-03-11 19:21:23',92),(865,2,11,2,329,'2024-03-11 19:21:23','2024-03-11 19:21:23',70),(866,2,11,2,330,'2024-03-11 19:21:23','2024-03-11 19:21:23',69),(867,2,11,2,331,'2024-03-11 19:21:23','2024-03-11 19:21:23',86),(868,2,11,2,332,'2024-03-11 19:21:23','2024-03-11 19:21:23',64),(869,2,11,2,333,'2024-03-11 19:21:23','2024-03-11 19:21:23',76),(870,2,11,2,322,'2024-03-11 19:21:23','2024-03-11 19:21:23',22),(871,2,11,2,334,'2024-03-11 19:21:23','2024-03-11 19:21:23',16),(872,2,11,2,335,'2024-03-11 19:21:23','2024-03-11 19:21:23',52),(873,2,11,2,336,'2024-03-11 19:21:23','2024-03-11 19:21:23',88),(874,2,11,2,337,'2024-03-11 19:21:23','2024-03-11 19:21:23',46),(875,2,11,2,338,'2024-03-11 19:21:23','2024-03-11 19:21:23',76),(876,2,11,2,339,'2024-03-11 19:21:23','2024-03-11 19:21:23',71),(877,2,11,2,340,'2024-03-11 19:21:23','2024-03-11 19:21:23',86),(878,2,11,2,341,'2024-03-11 19:21:23','2024-03-11 19:21:23',78),(879,2,11,2,342,'2024-03-11 19:21:23','2024-03-11 19:21:23',60),(880,2,11,2,343,'2024-03-11 19:21:23','2024-03-11 19:21:23',17),(881,2,11,2,344,'2024-03-11 19:21:23','2024-03-11 19:21:23',82),(882,2,11,2,345,'2024-03-11 19:21:23','2024-03-11 19:21:23',92),(883,2,11,2,346,'2024-03-11 19:21:23','2024-03-11 19:21:23',51),(884,2,11,2,347,'2024-03-11 19:21:23','2024-03-11 19:21:23',16),(885,2,11,2,348,'2024-03-11 19:21:23','2024-03-11 19:21:23',29),(886,2,11,2,349,'2024-03-11 19:21:23','2024-03-11 19:21:23',22),(887,2,11,2,350,'2024-03-11 19:21:23','2024-03-11 19:21:23',76);
/*!40000 ALTER TABLE `marks` ENABLE KEYS */;
UNLOCK TABLES;

--
-- Table structure for table `migrations`
--

DROP TABLE IF EXISTS `migrations`;
/*!40101 SET @saved_cs_client     = @@character_set_client */;
/*!50503 SET character_set_client = utf8mb4 */;
CREATE TABLE `migrations` (
  `id` int unsigned NOT NULL AUTO_INCREMENT,
  `migration` varchar(255) COLLATE utf8mb4_unicode_ci NOT NULL,
  `batch` int NOT NULL,
  PRIMARY KEY (`id`)
) ENGINE=InnoDB AUTO_INCREMENT=33 DEFAULT CHARSET=utf8mb4 COLLATE=utf8mb4_unicode_ci;
/*!40101 SET character_set_client = @saved_cs_client */;

--
-- Dumping data for table `migrations`
--

LOCK TABLES `migrations` WRITE;
/*!40000 ALTER TABLE `migrations` DISABLE KEYS */;
INSERT INTO `migrations` VALUES (1,'2014_10_12_100000_create_password_reset_tokens_table',1),(2,'2019_05_11_000000_create_otps_table',1),(3,'2019_08_19_000000_create_failed_jobs_table',1),(4,'2019_12_14_000001_create_personal_access_tokens_table',1),(5,'2023_09_03_080514_create_schools_table',1),(6,'2023_09_03_080745_create_users_table',1),(7,'2023_09_03_082858_create_exams_table',1),(8,'2023_09_03_083302_create_gradings_table',1),(9,'2023_09_03_083702_create_streams_table',1),(10,'2023_09_03_084814_create_students_table',1),(11,'2023_09_03_093726_create_exam_schools_table',1),(12,'2023_09_03_103122_create_subjects_table',1),(13,'2023_09_03_180802_create_pp1_table',1),(14,'2023_09_03_180852_create_pp2_table',1),(15,'2023_09_19_175329_create_marks_table',1),(16,'2023_09_25_081413_add_marks_column_to_marks_table',1),(17,'2023_09_25_081635_remove_paper_1_and_paper_2_columns_from_marks_table',1),(18,'2023_10_01_070931_create_cyber_papers_table',1),(19,'2023_10_01_073509_add_slug_to_cyber_papers_table',1),(20,'2023_10_01_075115_add_file_to_cyber_papers_table',1),(21,'2023_10_02_101659_add_email_verification_to_users',1),(22,'2023_10_04_164351_add_code_to_users_table',1),(23,'2023_10_09_103837_create_blogs_table',1),(24,'2023_10_20_055821_create_jobs_table',1),(25,'2023_10_22_063203_create_invoices_table',1),(26,'2023_10_23_051116_remove_paper_term_year_columns_from_cyber_papers',1),(27,'2023_11_02_145425_create_forms_table',1),(28,'2023_11_02_151655_add_form_id_to_exams',1),(29,'2023_11_02_172532_add_form_id_to_streams_table',1),(30,'2023_11_02_172836_add_form_id_to_students_table',1),(31,'2023_11_05_063920_create_news_table',1),(32,'2023_11_14_032941_remove_code_column_from_users_table',1);
/*!40000 ALTER TABLE `migrations` ENABLE KEYS */;
UNLOCK TABLES;

--
-- Table structure for table `news`
--

DROP TABLE IF EXISTS `news`;
/*!40101 SET @saved_cs_client     = @@character_set_client */;
/*!50503 SET character_set_client = utf8mb4 */;
CREATE TABLE `news` (
  `id` bigint unsigned NOT NULL AUTO_INCREMENT,
  `title` varchar(255) COLLATE utf8mb4_unicode_ci NOT NULL,
  `slug` varchar(255) COLLATE utf8mb4_unicode_ci NOT NULL,
  `description` text COLLATE utf8mb4_unicode_ci NOT NULL,
  `published` enum('yes','no') COLLATE utf8mb4_unicode_ci NOT NULL DEFAULT 'yes',
  `user_id` bigint unsigned DEFAULT NULL,
  `created_at` timestamp NULL DEFAULT NULL,
  `updated_at` timestamp NULL DEFAULT NULL,
  PRIMARY KEY (`id`),
  UNIQUE KEY `news_slug_unique` (`slug`)
) ENGINE=InnoDB DEFAULT CHARSET=utf8mb4 COLLATE=utf8mb4_unicode_ci;
/*!40101 SET character_set_client = @saved_cs_client */;

--
-- Dumping data for table `news`
--

LOCK TABLES `news` WRITE;
/*!40000 ALTER TABLE `news` DISABLE KEYS */;
/*!40000 ALTER TABLE `news` ENABLE KEYS */;
UNLOCK TABLES;

--
-- Table structure for table `otps`
--

DROP TABLE IF EXISTS `otps`;
/*!40101 SET @saved_cs_client     = @@character_set_client */;
/*!50503 SET character_set_client = utf8mb4 */;
CREATE TABLE `otps` (
  `id` int unsigned NOT NULL AUTO_INCREMENT,
  `identifier` varchar(255) COLLATE utf8mb4_unicode_ci NOT NULL,
  `token` varchar(255) COLLATE utf8mb4_unicode_ci NOT NULL,
  `validity` int NOT NULL,
  `valid` tinyint(1) NOT NULL DEFAULT '1',
  `created_at` timestamp NULL DEFAULT NULL,
  `updated_at` timestamp NULL DEFAULT NULL,
  PRIMARY KEY (`id`),
  KEY `otps_id_index` (`id`)
) ENGINE=InnoDB DEFAULT CHARSET=utf8mb4 COLLATE=utf8mb4_unicode_ci;
/*!40101 SET character_set_client = @saved_cs_client */;

--
-- Dumping data for table `otps`
--

LOCK TABLES `otps` WRITE;
/*!40000 ALTER TABLE `otps` DISABLE KEYS */;
/*!40000 ALTER TABLE `otps` ENABLE KEYS */;
UNLOCK TABLES;

--
-- Table structure for table `password_reset_tokens`
--

DROP TABLE IF EXISTS `password_reset_tokens`;
/*!40101 SET @saved_cs_client     = @@character_set_client */;
/*!50503 SET character_set_client = utf8mb4 */;
CREATE TABLE `password_reset_tokens` (
  `email` varchar(255) COLLATE utf8mb4_unicode_ci NOT NULL,
  `token` varchar(255) COLLATE utf8mb4_unicode_ci NOT NULL,
  `created_at` timestamp NULL DEFAULT NULL,
  PRIMARY KEY (`email`)
) ENGINE=InnoDB DEFAULT CHARSET=utf8mb4 COLLATE=utf8mb4_unicode_ci;
/*!40101 SET character_set_client = @saved_cs_client */;

--
-- Dumping data for table `password_reset_tokens`
--

LOCK TABLES `password_reset_tokens` WRITE;
/*!40000 ALTER TABLE `password_reset_tokens` DISABLE KEYS */;
/*!40000 ALTER TABLE `password_reset_tokens` ENABLE KEYS */;
UNLOCK TABLES;

--
-- Table structure for table `personal_access_tokens`
--

DROP TABLE IF EXISTS `personal_access_tokens`;
/*!40101 SET @saved_cs_client     = @@character_set_client */;
/*!50503 SET character_set_client = utf8mb4 */;
CREATE TABLE `personal_access_tokens` (
  `id` bigint unsigned NOT NULL AUTO_INCREMENT,
  `tokenable_type` varchar(255) COLLATE utf8mb4_unicode_ci NOT NULL,
  `tokenable_id` bigint unsigned NOT NULL,
  `name` varchar(255) COLLATE utf8mb4_unicode_ci NOT NULL,
  `token` varchar(64) COLLATE utf8mb4_unicode_ci NOT NULL,
  `abilities` text COLLATE utf8mb4_unicode_ci,
  `last_used_at` timestamp NULL DEFAULT NULL,
  `expires_at` timestamp NULL DEFAULT NULL,
  `created_at` timestamp NULL DEFAULT NULL,
  `updated_at` timestamp NULL DEFAULT NULL,
  PRIMARY KEY (`id`),
  UNIQUE KEY `personal_access_tokens_token_unique` (`token`),
  KEY `personal_access_tokens_tokenable_type_tokenable_id_index` (`tokenable_type`,`tokenable_id`)
) ENGINE=InnoDB DEFAULT CHARSET=utf8mb4 COLLATE=utf8mb4_unicode_ci;
/*!40101 SET character_set_client = @saved_cs_client */;

--
-- Dumping data for table `personal_access_tokens`
--

LOCK TABLES `personal_access_tokens` WRITE;
/*!40000 ALTER TABLE `personal_access_tokens` DISABLE KEYS */;
/*!40000 ALTER TABLE `personal_access_tokens` ENABLE KEYS */;
UNLOCK TABLES;

--
-- Table structure for table `pp1`
--

DROP TABLE IF EXISTS `pp1`;
/*!40101 SET @saved_cs_client     = @@character_set_client */;
/*!50503 SET character_set_client = utf8mb4 */;
CREATE TABLE `pp1` (
  `id` bigint unsigned NOT NULL AUTO_INCREMENT,
  `exam_id` bigint unsigned NOT NULL,
  `student_id` bigint unsigned NOT NULL,
  `school_id` bigint unsigned NOT NULL,
  `stream_id` bigint unsigned NOT NULL,
  `marks` int NOT NULL,
  `created_at` timestamp NULL DEFAULT NULL,
  `updated_at` timestamp NULL DEFAULT NULL,
  PRIMARY KEY (`id`),
  KEY `pp1_exam_id_foreign` (`exam_id`),
  KEY `pp1_school_id_foreign` (`school_id`),
  KEY `pp1_stream_id_foreign` (`stream_id`),
  KEY `pp1_student_id_foreign` (`student_id`),
  CONSTRAINT `pp1_exam_id_foreign` FOREIGN KEY (`exam_id`) REFERENCES `exams` (`id`) ON DELETE CASCADE,
  CONSTRAINT `pp1_school_id_foreign` FOREIGN KEY (`school_id`) REFERENCES `schools` (`id`) ON DELETE CASCADE,
  CONSTRAINT `pp1_stream_id_foreign` FOREIGN KEY (`stream_id`) REFERENCES `streams` (`id`) ON DELETE CASCADE,
  CONSTRAINT `pp1_student_id_foreign` FOREIGN KEY (`student_id`) REFERENCES `students` (`id`) ON DELETE CASCADE
) ENGINE=InnoDB DEFAULT CHARSET=utf8mb4 COLLATE=utf8mb4_unicode_ci;
/*!40101 SET character_set_client = @saved_cs_client */;

--
-- Dumping data for table `pp1`
--

LOCK TABLES `pp1` WRITE;
/*!40000 ALTER TABLE `pp1` DISABLE KEYS */;
/*!40000 ALTER TABLE `pp1` ENABLE KEYS */;
UNLOCK TABLES;

--
-- Table structure for table `pp2`
--

DROP TABLE IF EXISTS `pp2`;
/*!40101 SET @saved_cs_client     = @@character_set_client */;
/*!50503 SET character_set_client = utf8mb4 */;
CREATE TABLE `pp2` (
  `id` bigint unsigned NOT NULL AUTO_INCREMENT,
  `exam_id` bigint unsigned NOT NULL,
  `student_id` bigint unsigned NOT NULL,
  `school_id` bigint unsigned NOT NULL,
  `stream_id` bigint unsigned NOT NULL,
  `marks` int NOT NULL,
  `created_at` timestamp NULL DEFAULT NULL,
  `updated_at` timestamp NULL DEFAULT NULL,
  PRIMARY KEY (`id`),
  KEY `pp2_exam_id_foreign` (`exam_id`),
  KEY `pp2_school_id_foreign` (`school_id`),
  KEY `pp2_stream_id_foreign` (`stream_id`),
  KEY `pp2_student_id_foreign` (`student_id`),
  CONSTRAINT `pp2_exam_id_foreign` FOREIGN KEY (`exam_id`) REFERENCES `exams` (`id`) ON DELETE CASCADE,
  CONSTRAINT `pp2_school_id_foreign` FOREIGN KEY (`school_id`) REFERENCES `schools` (`id`) ON DELETE CASCADE,
  CONSTRAINT `pp2_stream_id_foreign` FOREIGN KEY (`stream_id`) REFERENCES `streams` (`id`) ON DELETE CASCADE,
  CONSTRAINT `pp2_student_id_foreign` FOREIGN KEY (`student_id`) REFERENCES `students` (`id`) ON DELETE CASCADE
) ENGINE=InnoDB DEFAULT CHARSET=utf8mb4 COLLATE=utf8mb4_unicode_ci;
/*!40101 SET character_set_client = @saved_cs_client */;

--
-- Dumping data for table `pp2`
--

LOCK TABLES `pp2` WRITE;
/*!40000 ALTER TABLE `pp2` DISABLE KEYS */;
/*!40000 ALTER TABLE `pp2` ENABLE KEYS */;
UNLOCK TABLES;

--
-- Table structure for table `schools`
--

DROP TABLE IF EXISTS `schools`;
/*!40101 SET @saved_cs_client     = @@character_set_client */;
/*!50503 SET character_set_client = utf8mb4 */;
CREATE TABLE `schools` (
  `id` bigint unsigned NOT NULL AUTO_INCREMENT,
  `name` varchar(255) COLLATE utf8mb4_unicode_ci NOT NULL,
  `level` varchar(255) COLLATE utf8mb4_unicode_ci NOT NULL,
  `type` varchar(255) COLLATE utf8mb4_unicode_ci NOT NULL,
  `county` varchar(255) COLLATE utf8mb4_unicode_ci NOT NULL,
  `slug` varchar(255) COLLATE utf8mb4_unicode_ci NOT NULL,
  `status` enum('0','1') COLLATE utf8mb4_unicode_ci NOT NULL DEFAULT '0',
  `created_at` timestamp NULL DEFAULT NULL,
  `updated_at` timestamp NULL DEFAULT NULL,
  PRIMARY KEY (`id`)
) ENGINE=InnoDB AUTO_INCREMENT=58 DEFAULT CHARSET=utf8mb4 COLLATE=utf8mb4_unicode_ci;
/*!40101 SET character_set_client = @saved_cs_client */;

--
-- Dumping data for table `schools`
--

LOCK TABLES `schools` WRITE;
/*!40000 ALTER TABLE `schools` DISABLE KEYS */;
INSERT INTO `schools` VALUES (3,'Pamoja High School','Extra-County','Boys','Bungoma','pamoja-high-school','0','2024-03-10 16:47:02','2024-03-10 16:47:02'),(4,'Baraza Girls High School','Extra-County','Girls','Kisumu','baraza-girls-high-school','0','2024-03-10 16:48:46','2024-03-10 16:48:46'),(6,'Furaha Mixed Secondary School','County','Mixed','Machakos','furaha-mixed-secondary-school','0','2024-03-10 16:49:41','2024-03-10 16:49:41'),(8,'Jitihada Boys High School','National','Boys','Bungoma','jitihada-boys-high-school','0','2024-03-10 16:50:20','2024-03-10 16:50:20'),(14,'Unity Mixed Secondary School','County','Mixed','Narok','unity-mixed-secondary-school','0','2024-03-10 16:57:27','2024-03-10 16:57:27');
/*!40000 ALTER TABLE `schools` ENABLE KEYS */;
UNLOCK TABLES;

--
-- Table structure for table `streams`
--

DROP TABLE IF EXISTS `streams`;
/*!40101 SET @saved_cs_client     = @@character_set_client */;
/*!50503 SET character_set_client = utf8mb4 */;
CREATE TABLE `streams` (
  `id` bigint unsigned NOT NULL AUTO_INCREMENT,
  `name` varchar(255) COLLATE utf8mb4_unicode_ci NOT NULL,
  `school_id` bigint unsigned NOT NULL,
  `form_id` bigint unsigned DEFAULT NULL,
  `created_at` timestamp NULL DEFAULT NULL,
  `updated_at` timestamp NULL DEFAULT NULL,
  PRIMARY KEY (`id`),
  KEY `streams_school_id_foreign` (`school_id`),
  KEY `streams_form_id_foreign` (`form_id`),
  CONSTRAINT `streams_form_id_foreign` FOREIGN KEY (`form_id`) REFERENCES `forms` (`id`),
  CONSTRAINT `streams_school_id_foreign` FOREIGN KEY (`school_id`) REFERENCES `schools` (`id`) ON DELETE CASCADE
) ENGINE=InnoDB AUTO_INCREMENT=58 DEFAULT CHARSET=utf8mb4 COLLATE=utf8mb4_unicode_ci;
/*!40101 SET character_set_client = @saved_cs_client */;

--
-- Dumping data for table `streams`
--

LOCK TABLES `streams` WRITE;
/*!40000 ALTER TABLE `streams` DISABLE KEYS */;
INSERT INTO `streams` VALUES (2,'North',4,2,'2024-03-11 05:30:12','2024-03-11 05:30:12'),(3,'South',4,2,'2024-03-11 05:34:24','2024-03-11 05:34:24'),(4,'West',4,2,'2024-03-11 05:35:50','2024-03-11 05:35:50'),(5,'Gold',6,2,'2024-03-11 05:50:40','2024-03-11 05:50:40'),(6,'Central',8,2,'2024-03-11 05:55:11','2024-03-11 05:55:11'),(7,'East',8,2,'2024-03-11 05:56:43','2024-03-11 05:56:49'),(8,'North',8,2,'2024-03-11 05:57:44','2024-03-11 05:57:44'),(9,'Champ',3,2,'2024-03-11 06:03:25','2024-03-11 06:03:25'),(10,'Heroes',3,2,'2024-03-11 06:06:57','2024-03-11 06:07:05'),(11,'Victor',3,2,'2024-03-11 06:08:16','2024-03-11 06:08:16'),(12,'G',14,2,'2024-03-11 07:03:35','2024-03-11 07:03:35'),(13,'H',14,2,'2024-03-11 07:04:40','2024-03-11 07:04:40');
/*!40000 ALTER TABLE `streams` ENABLE KEYS */;
UNLOCK TABLES;

--
-- Table structure for table `students`
--

DROP TABLE IF EXISTS `students`;
/*!40101 SET @saved_cs_client     = @@character_set_client */;
/*!50503 SET character_set_client = utf8mb4 */;
CREATE TABLE `students` (
  `id` bigint unsigned NOT NULL AUTO_INCREMENT,
  `name` varchar(255) COLLATE utf8mb4_unicode_ci NOT NULL,
  `adm` varchar(255) COLLATE utf8mb4_unicode_ci NOT NULL,
  `school_id` bigint unsigned NOT NULL,
  `form_id` bigint unsigned DEFAULT NULL,
  `stream_id` bigint unsigned NOT NULL,
  `gender` varchar(255) COLLATE utf8mb4_unicode_ci NOT NULL,
  `slug` varchar(255) COLLATE utf8mb4_unicode_ci NOT NULL,
  `created_at` timestamp NULL DEFAULT NULL,
  `updated_at` timestamp NULL DEFAULT NULL,
  PRIMARY KEY (`id`),
  KEY `students_school_id_foreign` (`school_id`),
  KEY `students_stream_id_foreign` (`stream_id`),
  KEY `students_form_id_foreign` (`form_id`),
  CONSTRAINT `students_form_id_foreign` FOREIGN KEY (`form_id`) REFERENCES `forms` (`id`) ON DELETE CASCADE,
  CONSTRAINT `students_school_id_foreign` FOREIGN KEY (`school_id`) REFERENCES `schools` (`id`) ON DELETE CASCADE,
  CONSTRAINT `students_stream_id_foreign` FOREIGN KEY (`stream_id`) REFERENCES `streams` (`id`) ON DELETE CASCADE
) ENGINE=InnoDB AUTO_INCREMENT=1626 DEFAULT CHARSET=utf8mb4 COLLATE=utf8mb4_unicode_ci;
/*!40101 SET character_set_client = @saved_cs_client */;

--
-- Dumping data for table `students`
--

LOCK TABLES `students` WRITE;
/*!40000 ALTER TABLE `students` DISABLE KEYS */;
INSERT INTO `students` VALUES (2,'MARY KILONZI MUENI','5726',4,2,2,'F','mary-kilonzi-mueni','2024-03-11 05:31:39','2024-03-11 05:31:39'),(3,'EVELYNE ODHIAMBO','5751',4,2,2,'F','evelyne-odhiambo','2024-03-11 05:31:39','2024-03-11 05:31:39'),(4,'ANYANGO CONDOLEEZZA KOYO','5926',4,2,2,'F','anyango-condoleezza-koyo','2024-03-11 05:31:39','2024-03-11 05:31:39'),(5,'RACHAEL RUTH AMONDI','5927',4,2,2,'F','rachael-ruth-amondi','2024-03-11 05:31:39','2024-03-11 05:31:39'),(6,'SOPHY ACHIENG','5929',4,2,2,'F','sophy-achieng','2024-03-11 05:31:39','2024-03-11 05:31:39'),(7,'SHARON MOKEIRA','5931',4,2,2,'F','sharon-mokeira','2024-03-11 05:31:39','2024-03-11 05:31:39'),(8,'CATHERINE ACHIENG','5932',4,2,2,'F','catherine-achieng','2024-03-11 05:31:39','2024-03-11 05:31:39'),(9,'MOLLEEN OMBONGI','5941',4,2,2,'F','molleen-ombongi','2024-03-11 05:31:39','2024-03-11 05:31:39'),(10,'JOYCE NIGHT OGADA','5951',4,2,2,'F','joyce-night-ogada','2024-03-11 05:31:39','2024-03-11 05:31:39'),(11,'SHEILA MICHAEL','5957',4,2,2,'F','sheila-michael','2024-03-11 05:31:39','2024-03-11 05:31:39'),(12,'MERCY MOGOI','5963',4,2,2,'F','mercy-mogoi','2024-03-11 05:31:39','2024-03-11 05:31:39'),(13,'MUNCHARI BETHSHEBA OMAHE','5964',4,2,2,'F','munchari-bethsheba-omahe','2024-03-11 05:31:39','2024-03-11 05:31:39'),(14,'NANCY NYABOKE OBUYA','5967',4,2,2,'F','nancy-nyaboke-obuya','2024-03-11 05:31:39','2024-03-11 05:31:39'),(15,'VIVIAN ACHIENG','5969',4,2,2,'F','vivian-achieng','2024-03-11 05:31:39','2024-03-11 05:31:39'),(16,'SHEILA KWAMBOKA OMBUI','5973',4,2,2,'F','sheila-kwamboka-ombui','2024-03-11 05:31:39','2024-03-11 05:31:39'),(17,'ELIZABETH BINARERI','5980',4,2,2,'F','elizabeth-binareri','2024-03-11 05:31:39','2024-03-11 05:31:39'),(18,'MITCHEL JUMA','5981',4,2,2,'F','mitchel-juma','2024-03-11 05:31:39','2024-03-11 05:31:39'),(19,'SARAH WEGESA','5984',4,2,2,'F','sarah-wegesa','2024-03-11 05:31:39','2024-03-11 05:31:39'),(20,'LUCY ACHIENG','5986',4,2,2,'F','lucy-achieng','2024-03-11 05:31:39','2024-03-11 05:31:39'),(21,'VALERIAN MOKEIRA MIRUKA','5988',4,2,2,'F','valerian-mokeira-miruka','2024-03-11 05:31:39','2024-03-11 05:31:39'),(22,'SULVIA NYAKUNDI','5992',4,2,2,'F','sulvia-nyakundi','2024-03-11 05:31:39','2024-03-11 05:31:39'),(23,'GATI ZAINABU SENDI','6000',4,2,2,'F','gati-zainabu-sendi','2024-03-11 05:31:39','2024-03-11 05:31:39'),(24,'SOPHIA KERUBO MOMG`ARE','6009',4,2,2,'F','sophia-kerubo-momgare','2024-03-11 05:31:39','2024-03-11 05:31:39'),(25,'OTIENO JACKLINE ACHIENG','6012',4,2,2,'F','otieno-jackline-achieng','2024-03-11 05:31:39','2024-03-11 05:31:39'),(26,'VERAH ATIENO','6014',4,2,2,'F','verah-atieno','2024-03-11 05:31:39','2024-03-11 05:31:39'),(27,'ODUNDO CHANTAL JAY ANYANGO','6021',4,2,2,'F','odundo-chantal-jay-anyango','2024-03-11 05:31:39','2024-03-11 05:31:39'),(28,'JUSTA NCHAGWA','6023',4,2,2,'F','justa-nchagwa','2024-03-11 05:31:39','2024-03-11 05:31:39'),(29,'CHRISMARY AMONDI','6024',4,2,2,'F','chrismary-amondi','2024-03-11 05:31:39','2024-03-11 05:31:39'),(30,'MIRIAM CHEPTOO','6025',4,2,2,'F','miriam-cheptoo','2024-03-11 05:31:39','2024-03-11 05:31:39'),(31,'ABDALA YVONE AMGELA','6027',4,2,2,'F','abdala-yvone-amgela','2024-03-11 05:31:39','2024-03-11 05:31:39'),(66,'OCHIENG IVY JOY','5933',4,2,3,'F','ochieng-ivy-joy','2024-03-11 05:35:03','2024-03-11 05:35:03'),(67,'STACY ACHIENG','5934',4,2,3,'F','stacy-achieng','2024-03-11 05:35:03','2024-03-11 05:35:03'),(68,'ESTHER NYANGALISA','5940',4,2,3,'F','esther-nyangalisa','2024-03-11 05:35:03','2024-03-11 05:35:03'),(69,'VALARY ANYANGO','5942',4,2,3,'F','valary-anyango','2024-03-11 05:35:03','2024-03-11 05:35:03'),(70,'ODUOR MERCY ACHIENG','5944',4,2,3,'F','oduor-mercy-achieng','2024-03-11 05:35:03','2024-03-11 05:35:03'),(71,'IRINE KWAMBOKA ORINA','5946',4,2,3,'F','irine-kwamboka-orina','2024-03-11 05:35:03','2024-03-11 05:35:03'),(72,'EMMACULATE AKINYI OTIENO','5948',4,2,3,'F','emmaculate-akinyi-otieno','2024-03-11 05:35:03','2024-03-11 05:35:03'),(73,'MARREN OTIENO','5949',4,2,3,'F','marren-otieno','2024-03-11 05:35:03','2024-03-11 05:35:03'),(74,'MIRIAM AKINYI AZIZ','5954',4,2,3,'F','miriam-akinyi-aziz','2024-03-11 05:35:03','2024-03-11 05:35:03'),(75,'NDEMO RABECCA GETA','5958',4,2,3,'F','ndemo-rabecca-geta','2024-03-11 05:35:03','2024-03-11 05:35:03'),(76,'PENINNAH KEMUNTO SIGIRA','5959',4,2,3,'F','peninnah-kemunto-sigira','2024-03-11 05:35:03','2024-03-11 05:35:03'),(77,'MURIMI FAITH BUGI','5962',4,2,3,'F','murimi-faith-bugi','2024-03-11 05:35:03','2024-03-11 05:35:03'),(78,'MARY ATIENO','5968',4,2,3,'F','mary-atieno','2024-03-11 05:35:03','2024-03-11 05:35:03'),(79,'RUTH KWAMBOKA ONYVONGA','5970',4,2,3,'F','ruth-kwamboka-onyvonga','2024-03-11 05:35:03','2024-03-11 05:35:03'),(80,'HELLEN GIFT','5975',4,2,3,'F','hellen-gift','2024-03-11 05:35:03','2024-03-11 05:35:03'),(81,'OUKO JESCA ACHIENG','5976',4,2,3,'F','ouko-jesca-achieng','2024-03-11 05:35:03','2024-03-11 05:35:03'),(82,'WARIDI GRACIOUS','5978',4,2,3,'F','waridi-gracious','2024-03-11 05:35:03','2024-03-11 05:35:03'),(83,'NANCY VORETSA','5983',4,2,3,'F','nancy-voretsa','2024-03-11 05:35:03','2024-03-11 05:35:03'),(84,'GLORIA NYAMENDA','5987',4,2,3,'F','gloria-nyamenda','2024-03-11 05:35:03','2024-03-11 05:35:03'),(85,'ROSEMARY RHOBI','5990',4,2,3,'F','rosemary-rhobi','2024-03-11 05:35:03','2024-03-11 05:35:03'),(86,'JOY LIGHT','5993',4,2,3,'F','joy-light','2024-03-11 05:35:03','2024-03-11 05:35:03'),(87,'IREEN MUTHONI','5995',4,2,3,'F','ireen-muthoni','2024-03-11 05:35:03','2024-03-11 05:35:03'),(88,'TRACY AKINYI','5996',4,2,3,'F','tracy-akinyi','2024-03-11 05:35:03','2024-03-11 05:35:03'),(89,'CHRISTINE AKINYI','5997',4,2,3,'F','christine-akinyi','2024-03-11 05:35:03','2024-03-11 05:35:03'),(90,'GRACE TSADSA','5998',4,2,3,'F','grace-tsadsa','2024-03-11 05:35:03','2024-03-11 05:35:03'),(91,'CHALEN MARY','6001',4,2,3,'F','chalen-mary','2024-03-11 05:35:03','2024-03-11 05:35:03'),(92,'DOROTHY AKINYI','6002',4,2,3,'F','dorothy-akinyi','2024-03-11 05:35:03','2024-03-11 05:35:03'),(93,'MAKU BINTI HAMISI','6003',4,2,3,'F','maku-binti-hamisi','2024-03-11 05:35:03','2024-03-11 05:35:03'),(94,'JOYVESA AKINYI','6004',4,2,3,'F','joyvesa-akinyi','2024-03-11 05:35:03','2024-03-11 05:35:03'),(95,'ODHIAMBO BEVERLEY ACHIENG','6006',4,2,3,'F','odhiambo-beverley-achieng','2024-03-11 05:35:03','2024-03-11 05:35:03'),(96,'MACKLINE KERUBO','6007',4,2,3,'F','mackline-kerubo','2024-03-11 05:35:03','2024-03-11 05:35:03'),(97,'ADIPO CHICHI MITCHELLE','6015',4,2,3,'F','adipo-chichi-mitchelle','2024-03-11 05:35:03','2024-03-11 05:35:03'),(98,'JACINTA OKERI','6019',4,2,3,'F','jacinta-okeri','2024-03-11 05:35:03','2024-03-11 05:35:03'),(99,'FAITH CHEPKOECH','6020',4,2,3,'F','faith-chepkoech','2024-03-11 05:35:03','2024-03-11 05:35:03'),(100,'CYNTHIA ADHIAMBO','6022',4,2,3,'F','cynthia-adhiambo','2024-03-11 05:35:03','2024-03-11 05:35:03'),(101,'BRIDGIT AWUOR','6028',4,2,3,'F','bridgit-awuor','2024-03-11 05:35:03','2024-03-11 05:35:03'),(102,'HILDA NAOMI','5928',4,2,4,'F','hilda-naomi','2024-03-11 05:36:03','2024-03-11 05:36:03'),(103,'CELLINE AWUOR','5930',4,2,4,'F','celline-awuor','2024-03-11 05:36:03','2024-03-11 05:36:03'),(104,'CADRA LYN','5935',4,2,4,'F','cadra-lyn','2024-03-11 05:36:03','2024-03-11 05:36:03'),(105,'HAPINESS MORAA','5937',4,2,4,'F','hapiness-moraa','2024-03-11 05:36:03','2024-03-11 05:36:03'),(106,'LELZEY ONKOMBA','5938',4,2,4,'F','lelzey-onkomba','2024-03-11 05:36:03','2024-03-11 05:36:03'),(107,'MAINA BRENDA BOSIBORI','5939',4,2,4,'F','maina-brenda-bosibori','2024-03-11 05:36:03','2024-03-11 05:36:03'),(108,'SANDRA JOY','5943',4,2,4,'F','sandra-joy','2024-03-11 05:36:03','2024-03-11 05:36:03'),(109,'REGINA OTIATO','5945',4,2,4,'F','regina-otiato','2024-03-11 05:36:03','2024-03-11 05:36:03'),(110,'RUTH NYANCHOLA','5950',4,2,4,'F','ruth-nyanchola','2024-03-11 05:36:03','2024-03-11 05:36:03'),(111,'ORANG`O SHEILA BOCHABERI','5955',4,2,4,'F','orango-sheila-bochaberi','2024-03-11 05:36:03','2024-03-11 05:36:03'),(112,'SHARON AKOTH','5956',4,2,4,'F','sharon-akoth','2024-03-11 05:36:03','2024-03-11 05:36:03'),(113,'ANNET RIMBA','5960',4,2,4,'F','annet-rimba','2024-03-11 05:36:03','2024-03-11 05:36:03'),(114,'TWAYA FAITH','5965',4,2,4,'F','twaya-faith','2024-03-11 05:36:03','2024-03-11 05:36:03'),(115,'DEBORAH MORAA','5966',4,2,4,'F','deborah-moraa','2024-03-11 05:36:03','2024-03-11 05:36:03'),(116,'PATROBA ACHIENG','5972',4,2,4,'F','patroba-achieng','2024-03-11 05:36:03','2024-03-11 05:36:03'),(117,'SHARLET KADZO','5977',4,2,4,'F','sharlet-kadzo','2024-03-11 05:36:03','2024-03-11 05:36:03'),(118,'SALLY ANNE MOLLY','5982',4,2,4,'F','sally-anne-molly','2024-03-11 05:36:03','2024-03-11 05:36:03'),(119,'FLOVIAN GANKIO KENYANYA','5985',4,2,4,'F','flovian-gankio-kenyanya','2024-03-11 05:36:03','2024-03-11 05:36:03'),(120,'MOVESTAR ACHIENG','5989',4,2,4,'F','movestar-achieng','2024-03-11 05:36:03','2024-03-11 05:36:03'),(121,'EMILY ACHIENG ODIRA','5991',4,2,4,'F','emily-achieng-odira','2024-03-11 05:36:03','2024-03-11 05:36:03'),(122,'REHEMA ATIENO NGIRA','5994',4,2,4,'F','rehema-atieno-ngira','2024-03-11 05:36:03','2024-03-11 05:36:03'),(123,'LATIFA SHABAN','5999',4,2,4,'F','latifa-shaban','2024-03-11 05:36:03','2024-03-11 05:36:03'),(124,'ACHIENG MARGARET CYNTHIA','6005',4,2,4,'F','achieng-margaret-cynthia','2024-03-11 05:36:03','2024-03-11 05:36:03'),(125,'VINIA AWUOR','6010',4,2,4,'F','vinia-awuor','2024-03-11 05:36:03','2024-03-11 05:36:03'),(126,'LYDIA ACHIENG','6011',4,2,4,'F','lydia-achieng','2024-03-11 05:36:03','2024-03-11 05:36:03'),(127,'NAOMI NYANGI','6013',4,2,4,'F','naomi-nyangi','2024-03-11 05:36:03','2024-03-11 05:36:03'),(128,'VERONICA WAMBURA','6017',4,2,4,'F','veronica-wambura','2024-03-11 05:36:03','2024-03-11 05:36:03'),(129,'BILL CLINTONE','1643',6,2,5,'M','bill-clintone','2024-03-11 05:51:02','2024-03-11 05:51:02'),(130,'GODFREY POOL OTIENO','1651',6,2,5,'M','godfrey-pool-otieno','2024-03-11 05:51:02','2024-03-11 05:51:02'),(131,'BASIL MESHACK','1028',6,2,5,'M','basil-meshack','2024-03-11 05:51:02','2024-03-11 05:51:02'),(132,'ASAAK OCHIENG','1265',6,2,5,'M','asaak-ochieng','2024-03-11 05:51:02','2024-03-11 05:51:02'),(133,'HESBON OMWERI HARON','1351',6,2,5,'M','hesbon-omweri-haron','2024-03-11 05:51:02','2024-03-11 05:51:02'),(134,'FRANKLINE ODHIAMBO','1233',6,2,5,'M','frankline-odhiambo','2024-03-11 05:51:02','2024-03-11 05:51:02'),(135,'SAMWEL MASIAGA','1254',6,2,5,'F','samwel-masiaga','2024-03-11 05:51:02','2024-03-11 05:51:02'),(136,'ALFRED DENNIS','1895',6,2,5,'M','alfred-dennis','2024-03-11 05:51:02','2024-03-11 05:51:02'),(137,'MILLICENT ACHIENG','1253',6,2,5,'F','millicent-achieng','2024-03-11 05:51:02','2024-03-11 05:51:02'),(138,'HARUN CHACHA','1349',6,2,5,'M','harun-chacha','2024-03-11 05:51:02','2024-03-11 05:51:02'),(139,'ESTHER PAMBAZUKO','1859',6,2,5,'F','esther-pambazuko','2024-03-11 05:51:02','2024-03-11 05:51:02'),(140,'SUSAN STACY CHACHA','1216',6,2,5,'F','susan-stacy-chacha','2024-03-11 05:51:02','2024-03-11 05:51:02'),(141,'ROSEMARY AUMA','1321',6,2,5,'F','rosemary-auma','2024-03-11 05:51:02','2024-03-11 05:51:02'),(142,'IVONE ACHIENG OOKO','1267',6,2,5,'F','ivone-achieng-ooko','2024-03-11 05:51:02','2024-03-11 05:51:02'),(143,'MODESTER AKINYI EDWARD','1853',6,2,5,'F','modester-akinyi-edward','2024-03-11 05:51:02','2024-03-11 05:51:02'),(144,'BONFACE MARWA MAGIGE','996',6,2,5,'M','bonface-marwa-magige','2024-03-11 05:51:02','2024-03-11 05:51:02'),(145,'LUCY ACHIENG OTIENO','1214',6,2,5,'F','lucy-achieng-otieno','2024-03-11 05:51:02','2024-03-11 05:51:02'),(146,'SARA ATIENO OMACH','1375',6,2,5,'F','sara-atieno-omach','2024-03-11 05:51:02','2024-03-11 05:51:02'),(147,'STACY AWUOR','1039',6,2,5,'F','stacy-awuor','2024-03-11 05:51:02','2024-03-11 05:51:02'),(148,'TOBIAS ODHIAMBO OLOO','1210',6,2,5,'M','tobias-odhiambo-oloo','2024-03-11 05:51:02','2024-03-11 05:51:02'),(149,'CALMAX ODHIAMBO TOM','1274',6,2,5,'M','calmax-odhiambo-tom','2024-03-11 05:51:02','2024-03-11 05:51:02'),(150,'VIRONE ODHIAMBO ODINGA','1677',6,2,5,'M','virone-odhiambo-odinga','2024-03-11 05:51:02','2024-03-11 05:51:02'),(151,'JANET GHATI NGUBA','1637',6,2,5,'F','janet-ghati-nguba','2024-03-11 05:51:02','2024-03-11 05:51:02'),(152,'SAMMY OWUOR','1238',6,2,5,'M','sammy-owuor','2024-03-11 05:51:02','2024-03-11 05:51:02'),(153,'YUSUF M. OLIECH','1277',6,2,5,'M','yusuf-m-oliech','2024-03-11 05:51:02','2024-03-11 05:51:02'),(154,'KELLY OLANG B.','1324',6,2,5,'F','kelly-olang-b','2024-03-11 05:51:02','2024-03-11 05:51:02'),(155,'CLARINCE ACHIENG','1644',6,2,5,'F','clarince-achieng','2024-03-11 05:51:02','2024-03-11 05:51:02'),(156,'JUMA SULEIMAN SAIDI','1646',6,2,5,'M','juma-suleiman-saidi','2024-03-11 05:51:02','2024-03-11 05:51:02'),(157,'PETER OUMA OUMA','1224',6,2,5,'M','peter-ouma-ouma','2024-03-11 05:51:02','2024-03-11 05:51:02'),(158,'GEORGINE AKOTH','1281',6,2,5,'M','georgine-akoth','2024-03-11 05:51:02','2024-03-11 05:51:02'),(159,'ELECTOR ACHIENG','1172',6,2,5,'F','elector-achieng','2024-03-11 05:51:02','2024-03-11 05:51:02'),(160,'LENCER ATIENO AJINA','1266',6,2,5,'F','lencer-atieno-ajina','2024-03-11 05:51:02','2024-03-11 05:51:02'),(161,'BRENDA AWUOR','1259',6,2,5,'F','brenda-awuor','2024-03-11 05:51:02','2024-03-11 05:51:02'),(162,'VALARY RIZZ MAGARE','1298',6,2,5,'F','valary-rizz-magare','2024-03-11 05:51:02','2024-03-11 05:51:02'),(163,'JOSEPH OCHIENG DANIEL','995',6,2,5,'M','joseph-ochieng-daniel','2024-03-11 05:51:02','2024-03-11 05:51:02'),(164,'NITER ADHIAMBO','1286',6,2,5,'F','niter-adhiambo','2024-03-11 05:51:02','2024-03-11 05:51:02'),(165,'MOLLY ADHIAMBO','1327',6,2,5,'F','molly-adhiambo','2024-03-11 05:51:02','2024-03-11 05:51:02'),(166,'CLIFF OTIENO WASEGA','1360',6,2,5,'M','cliff-otieno-wasega','2024-03-11 05:51:02','2024-03-11 05:51:02'),(167,'REUBEN KISIA OYERI','1388',6,2,5,'M','reuben-kisia-oyeri','2024-03-11 05:51:02','2024-03-11 05:51:02'),(168,'RAFLINE FAITH ODHIAMBO','1221',6,2,5,'F','rafline-faith-odhiambo','2024-03-11 05:51:02','2024-03-11 05:51:02'),(169,'RONALD OTIENO O.','1278',6,2,5,'M','ronald-otieno-o','2024-03-11 05:51:02','2024-03-11 05:51:02'),(170,'ASMIN AKASHA','1284',6,2,5,'F','asmin-akasha','2024-03-11 05:51:02','2024-03-11 05:51:02'),(171,'DICKENS JUNIOR','1211',6,2,5,'M','dickens-junior','2024-03-11 05:51:02','2024-03-11 05:51:02'),(172,'BLESS CARRECK JACOB','1220',6,2,5,'F','bless-carreck-jacob','2024-03-11 05:51:02','2024-03-11 05:51:02'),(173,'BRIAN OTIENO OKINYI','1291',6,2,5,'M','brian-otieno-okinyi','2024-03-11 05:51:02','2024-03-11 05:51:02'),(174,'TYSON KENNEDY OKETCH','1549',6,2,5,'M','tyson-kennedy-oketch','2024-03-11 05:51:02','2024-03-11 05:51:02'),(175,'ERICK OTIENO','1217',6,2,5,'M','erick-otieno','2024-03-11 05:51:02','2024-03-11 05:51:02'),(176,'LOEN PRIDE ODHIAMBO','1305',6,2,5,'M','loen-pride-odhiambo','2024-03-11 05:51:02','2024-03-11 05:51:02'),(177,'STEVE OTIENO ODHIAMBO','1333',6,2,5,'M','steve-otieno-odhiambo','2024-03-11 05:51:02','2024-03-11 05:51:02'),(178,'DAVID MURIMI G.','1350',6,2,5,'M','david-murimi-g','2024-03-11 05:51:02','2024-03-11 05:51:02'),(179,'VALENTINE AKINYI','1354',6,2,5,'F','valentine-akinyi','2024-03-11 05:51:02','2024-03-11 05:51:02'),(180,'BEATRICE AWUOR','1352',6,2,5,'F','beatrice-awuor','2024-03-11 05:51:02','2024-03-11 05:51:02'),(181,'RODGERS OKINYI OTIENO','1377',6,2,5,'M','rodgers-okinyi-otieno','2024-03-11 05:51:02','2024-03-11 05:51:02'),(182,'NIGHT PRESTOLINE','1858',6,2,5,'F','night-prestoline','2024-03-11 05:51:02','2024-03-11 05:51:02'),(183,'SHARON ANDISI','1271',6,2,5,'F','sharon-andisi','2024-03-11 05:51:02','2024-03-11 05:51:02'),(184,'STANLAUS OTIENO','1344',6,2,5,'M','stanlaus-otieno','2024-03-11 05:51:02','2024-03-11 05:51:02'),(185,'FENESHI  AWUOR JANES','1641',6,2,5,'F','feneshi-awuor-janes','2024-03-11 05:51:02','2024-03-11 05:51:02'),(186,'ELISHA ODONGO AWILI','1242',6,2,5,'M','elisha-odongo-awili','2024-03-11 05:51:02','2024-03-11 05:51:02'),(187,'PHOEBE AOKO O.','1287',6,2,5,'M','phoebe-aoko-o','2024-03-11 05:51:02','2024-03-11 05:51:02'),(188,'AUSTINE MILES OMOLO','1381',6,2,5,'M','austine-miles-omolo','2024-03-11 05:51:02','2024-03-11 05:51:02'),(189,'Benard Vvron Ochieng','6621',8,2,6,'M','benard-vvron-ochieng','2024-03-11 05:56:29','2024-03-11 05:56:29'),(190,'Peter Kado','6641',8,2,6,'M','peter-kado','2024-03-11 05:56:29','2024-03-11 05:56:29'),(191,'George Reagan Omondi','6656',8,2,6,'M','george-reagan-omondi','2024-03-11 05:56:29','2024-03-11 05:56:29'),(192,'Beckham Jack Obuya','6676',8,2,6,'M','beckham-jack-obuya','2024-03-11 05:56:29','2024-03-11 05:56:29'),(193,'Oredi Charles Obonyo','6682',8,2,6,'M','oredi-charles-obonyo','2024-03-11 05:56:29','2024-03-11 05:56:29'),(194,'Allan Cheruyot','6707',8,2,6,'M','allan-cheruyot','2024-03-11 05:56:29','2024-03-11 05:56:29'),(195,'Clement Otieno Wang\'anda','6718',8,2,6,'M','clement-otieno-wanganda','2024-03-11 05:56:29','2024-03-11 05:56:29'),(196,'Isaac Carson Oyuga','6723',8,2,6,'M','isaac-carson-oyuga','2024-03-11 05:56:29','2024-03-11 05:56:29'),(197,'Mboya Michael Ochieng','6748',8,2,6,'M','mboya-michael-ochieng','2024-03-11 05:56:29','2024-03-11 05:56:29'),(198,'Odhiambo Gift Okeno','6753',8,2,6,'M','odhiambo-gift-okeno','2024-03-11 05:56:29','2024-03-11 05:56:29'),(199,'Okoth David Wasonga','6758',8,2,6,'M','okoth-david-wasonga','2024-03-11 05:56:29','2024-03-11 05:56:29'),(200,'Otieno Jackson Odhiambo','6763',8,2,6,'M','otieno-jackson-odhiambo','2024-03-11 05:56:29','2024-03-11 05:56:29'),(201,'Owino Clinton Orimbo','6768',8,2,6,'M','owino-clinton-orimbo','2024-03-11 05:56:29','2024-03-11 05:56:29'),(202,'Pande Oduor Felix','6788',8,2,6,'M','pande-oduor-felix','2024-03-11 05:56:29','2024-03-11 05:56:29'),(203,'Auma Joash Otieno','6793',8,2,6,'M','auma-joash-otieno','2024-03-11 05:56:29','2024-03-11 05:56:29'),(204,'Otieno Washington Ochieng','6803',8,2,6,'M','otieno-washington-ochieng','2024-03-11 05:56:29','2024-03-11 05:56:29'),(205,'Austine Judah Odendo','6823',8,2,6,'M','austine-judah-odendo','2024-03-11 05:56:29','2024-03-11 05:56:29'),(206,'Randy Changilwa','6838',8,2,6,'M','randy-changilwa','2024-03-11 05:56:29','2024-03-11 05:56:29'),(207,'Francis Joel Odongo','6843',8,2,6,'M','francis-joel-odongo','2024-03-11 05:56:29','2024-03-11 05:56:29'),(208,'Otieno John Mark','6868',8,2,6,'M','otieno-john-mark','2024-03-11 05:56:29','2024-03-11 05:56:29'),(209,'Denis Odhiambo','6973',8,2,6,'M','denis-odhiambo','2024-03-11 05:56:29','2024-03-11 05:56:29'),(210,'Mukhwana Samwel Andia','6989',8,2,6,'M','mukhwana-samwel-andia','2024-03-11 05:56:29','2024-03-11 05:56:29'),(211,'Odhiambo Francis Odek','6994',8,2,6,'M','odhiambo-francis-odek','2024-03-11 05:56:29','2024-03-11 05:56:29'),(212,'Otieno Felix Omondi','7020',8,2,6,'M','otieno-felix-omondi','2024-03-11 05:56:29','2024-03-11 05:56:29'),(213,'Oscar Odhiambo','7025',8,2,6,'M','oscar-odhiambo','2024-03-11 05:56:29','2024-03-11 05:56:29'),(214,'Hesbon Hawkins','7029',8,2,6,'M','hesbon-hawkins','2024-03-11 05:56:29','2024-03-11 05:56:29'),(215,'Tossel Okenda Mark','6624',8,2,7,'M','tossel-okenda-mark','2024-03-11 05:57:28','2024-03-11 05:57:28'),(216,'Odanga Lawrence','6629',8,2,7,'M','odanga-lawrence','2024-03-11 05:57:28','2024-03-11 05:57:28'),(217,'Stephen Kerry','6659',8,2,7,'M','stephen-kerry','2024-03-11 05:57:28','2024-03-11 05:57:28'),(218,'Otieno John Omondi','6674',8,2,7,'M','otieno-john-omondi','2024-03-11 05:57:28','2024-03-11 05:57:28'),(219,'Odhiambo Brian Awuor','6684',8,2,7,'M','odhiambo-brian-awuor','2024-03-11 05:57:28','2024-03-11 05:57:28'),(220,'Marora Ochieng Elvis','6685',8,2,7,'M','marora-ochieng-elvis','2024-03-11 05:57:28','2024-03-11 05:57:28'),(221,'Ongiri Mickey Wycliffe','6690',8,2,7,'M','ongiri-mickey-wycliffe','2024-03-11 05:57:28','2024-03-11 05:57:28'),(222,'Oketch Byron Omondi','6703',8,2,7,'M','oketch-byron-omondi','2024-03-11 05:57:28','2024-03-11 05:57:28'),(223,'Onyiego John Otieno','6715',8,2,7,'M','onyiego-john-otieno','2024-03-11 05:57:28','2024-03-11 05:57:28'),(224,'Otieno Brian Omondi','6746',8,2,7,'M','otieno-brian-omondi','2024-03-11 05:57:28','2024-03-11 05:57:28'),(225,'Pancras Owino Otieno','6761',8,2,7,'M','pancras-owino-otieno','2024-03-11 05:57:28','2024-03-11 05:57:28'),(226,'Brian Otieno','6766',8,2,7,'M','brian-otieno','2024-03-11 05:57:28','2024-03-11 05:57:28'),(227,'Agare Gabriel Mathias','6786',8,2,7,'M','agare-gabriel-mathias','2024-03-11 05:57:28','2024-03-11 05:57:28'),(228,'Rodgers Barry Obare','6791',8,2,7,'M','rodgers-barry-obare','2024-03-11 05:57:28','2024-03-11 05:57:28'),(229,'Otieno Samson Otieno','6796',8,2,7,'M','otieno-samson-otieno','2024-03-11 05:57:28','2024-03-11 05:57:28'),(230,'Oyaroh Willys Ouma','6806',8,2,7,'M','oyaroh-willys-ouma','2024-03-11 05:57:28','2024-03-11 05:57:28'),(231,'Lenox Ayugi Omondi','6811',8,2,7,'M','lenox-ayugi-omondi','2024-03-11 05:57:28','2024-03-11 05:57:28'),(232,'Reagan Onyango','6816',8,2,7,'M','reagan-onyango','2024-03-11 05:57:28','2024-03-11 05:57:28'),(233,'Henry Ochieng','6821',8,2,7,'M','henry-ochieng','2024-03-11 05:57:28','2024-03-11 05:57:28'),(234,'Obiayo Felix Ochieng','6826',8,2,7,'M','obiayo-felix-ochieng','2024-03-11 05:57:28','2024-03-11 05:57:28'),(235,'Mathews Onyango','6831',8,2,7,'M','mathews-onyango','2024-03-11 05:57:28','2024-03-11 05:57:28'),(236,'Omondi Eugine Ouma','6851',8,2,7,'M','omondi-eugine-ouma','2024-03-11 05:57:28','2024-03-11 05:57:28'),(237,'Otieno Michael Nicholas','6622',8,2,8,'M','otieno-michael-nicholas','2024-03-11 05:58:30','2024-03-11 05:58:30'),(238,'Nyambane Philip Olang','6632',8,2,8,'M','nyambane-philip-olang','2024-03-11 05:58:30','2024-03-11 05:58:30'),(239,'Okwiri Walton Onyango','6646',8,2,8,'M','okwiri-walton-onyango','2024-03-11 05:58:30','2024-03-11 05:58:30'),(240,'Titus Ondigo','6647',8,2,8,'M','titus-ondigo','2024-03-11 05:58:30','2024-03-11 05:58:30'),(241,'Hagin Zacharia Lumala','6657',8,2,8,'M','hagin-zacharia-lumala','2024-03-11 05:58:30','2024-03-11 05:58:30'),(242,'Ochia Jiven Otieno','6672',8,2,8,'M','ochia-jiven-otieno','2024-03-11 05:58:30','2024-03-11 05:58:30'),(243,'Otieno Chris Javan Wendo','6683',8,2,8,'M','otieno-chris-javan-wendo','2024-03-11 05:58:30','2024-03-11 05:58:30'),(244,'Odhiambo Ryan Ochieng','6688',8,2,8,'M','odhiambo-ryan-ochieng','2024-03-11 05:58:30','2024-03-11 05:58:30'),(245,'Oketch Wellington Ouma','6706',8,2,8,'M','oketch-wellington-ouma','2024-03-11 05:58:30','2024-03-11 05:58:30'),(246,'James Oduor','6711',8,2,8,'M','james-oduor','2024-03-11 05:58:30','2024-03-11 05:58:30'),(247,'John Paul Omondi','6713',8,2,8,'M','john-paul-omondi','2024-03-11 05:58:30','2024-03-11 05:58:30'),(248,'Onyango Paul Pravin','6722',8,2,8,'M','onyango-paul-pravin','2024-03-11 05:58:30','2024-03-11 05:58:30'),(249,'Charles Otieno','6726',8,2,8,'M','charles-otieno','2024-03-11 05:58:30','2024-03-11 05:58:30'),(250,'Amuka Sabbath Bahaz','6744',8,2,8,'M','amuka-sabbath-bahaz','2024-03-11 05:58:30','2024-03-11 05:58:30'),(251,'Kelly Levies Akifuma','6769',8,2,8,'M','kelly-levies-akifuma','2024-03-11 05:58:30','2024-03-11 05:58:30'),(252,'Augo Evans Odhiambo','6804',8,2,8,'M','augo-evans-odhiambo','2024-03-11 05:58:30','2024-03-11 05:58:30'),(253,'Ochola Samwel James','6809',8,2,8,'M','ochola-samwel-james','2024-03-11 05:58:30','2024-03-11 05:58:30'),(254,'Omondi Fidelcasro Onyango','6814',8,2,8,'M','omondi-fidelcasro-onyango','2024-03-11 05:58:30','2024-03-11 05:58:30'),(255,'Olweny Stephen Odhiambo','6819',8,2,8,'M','olweny-stephen-odhiambo','2024-03-11 05:58:30','2024-03-11 05:58:30'),(256,'Okoth Denis Austin','6824',8,2,8,'M','okoth-denis-austin','2024-03-11 05:58:30','2024-03-11 05:58:30'),(257,'Nyanjom Derrick Omondi','6839',8,2,8,'M','nyanjom-derrick-omondi','2024-03-11 05:58:30','2024-03-11 05:58:30'),(258,'Michael Wamalwa Muga','6844',8,2,8,'M','michael-wamalwa-muga','2024-03-11 05:58:30','2024-03-11 05:58:30'),(259,'Hosea James Odhiambo','6859',8,2,8,'M','hosea-james-odhiambo','2024-03-11 05:58:30','2024-03-11 05:58:30'),(260,'William Ojwang Ojwang','6980',8,2,8,'M','william-ojwang-ojwang','2024-03-11 05:58:30','2024-03-11 05:58:30'),(261,'Awandu Steven Otieno','6990',8,2,8,'M','awandu-steven-otieno','2024-03-11 05:58:30','2024-03-11 05:58:30'),(262,'Opiyo Shaquel Ownel','7000',8,2,8,'M','opiyo-shaquel-ownel','2024-03-11 05:58:30','2024-03-11 05:58:30'),(263,'Ochieng Dickens Omondi','7017',8,2,8,'M','ochieng-dickens-omondi','2024-03-11 05:58:30','2024-03-11 05:58:30'),(264,'Simon Odhiambo','7194',8,2,8,'M','simon-odhiambo','2024-03-11 05:58:30','2024-03-11 05:58:30'),(265,'EMMANUEL ONYANGO','8865',3,2,9,'M','emmanuel-onyango','2024-03-11 06:04:21','2024-03-11 06:04:21'),(266,'JOSIAH MWANGI KASEGE','8932',3,2,9,'M','josiah-mwangi-kasege','2024-03-11 06:04:21','2024-03-11 06:04:21'),(267,'CLINTON AMBANI ADUWO','9030',3,2,9,'M','clinton-ambani-aduwo','2024-03-11 06:04:21','2024-03-11 06:04:21'),(268,'BRIAN OMONDI OCHIENG','9033',3,2,9,'M','brian-omondi-ochieng','2024-03-11 06:04:21','2024-03-11 06:04:21'),(269,'JOHN OTIENO ODIKO','9042',3,2,9,'M','john-otieno-odiko','2024-03-11 06:04:21','2024-03-11 06:04:21'),(270,'BRIAN OLOO OCHIENG','9045',3,2,9,'M','brian-oloo-ochieng','2024-03-11 06:04:21','2024-03-11 06:04:21'),(271,'KEPHER OCHIENG OTIENO','9051',3,2,9,'M','kepher-ochieng-otieno','2024-03-11 06:04:21','2024-03-11 06:04:21'),(272,'OTIENO FELIX OCHIENG','9053',3,2,9,'M','otieno-felix-ochieng','2024-03-11 06:04:21','2024-03-11 06:04:21'),(273,'DAVID CHIENG OTIENO','9068',3,2,9,'M','david-chieng-otieno','2024-03-11 06:04:21','2024-03-11 06:04:21'),(274,'GUNVAN MOKUA MOSETI','9077',3,2,9,'M','gunvan-mokua-moseti','2024-03-11 06:04:21','2024-03-11 06:04:21'),(275,'SHARDRACK SABATO','9083',3,2,9,'M','shardrack-sabato','2024-03-11 06:04:21','2024-03-11 06:04:21'),(276,'JAPHETH OKOTH ANYANGA','9086',3,2,9,'M','japheth-okoth-anyanga','2024-03-11 06:04:21','2024-03-11 06:04:21'),(277,'OGWENO KEVIN OTIENO','9098',3,2,9,'M','ogweno-kevin-otieno','2024-03-11 06:04:21','2024-03-11 06:04:21'),(278,'ALBERT OCHIENG','9107',3,2,9,'M','albert-ochieng','2024-03-11 06:04:21','2024-03-11 06:04:21'),(279,'OKOTH FELIX OBONDI','9116',3,2,9,'M','okoth-felix-obondi','2024-03-11 06:04:21','2024-03-11 06:04:21'),(280,'REUBEN OLUOCH','9125',3,2,9,'M','reuben-oluoch','2024-03-11 06:04:21','2024-03-11 06:04:21'),(281,'DENICE OCHIENG','9128',3,2,9,'M','denice-ochieng','2024-03-11 06:04:21','2024-03-11 06:04:21'),(282,'RODGERS OCHIENG','9143',3,2,9,'M','rodgers-ochieng','2024-03-11 06:04:21','2024-03-11 06:04:21'),(283,'PHELIX OMONDI JOHN','9146',3,2,9,'M','phelix-omondi-john','2024-03-11 06:04:21','2024-03-11 06:04:21'),(284,'REAGAN NORBERT O','9163',3,2,9,'M','reagan-norbert-o','2024-03-11 06:04:21','2024-03-11 06:04:21'),(285,'MUNGA PHAREZ','9176',3,2,9,'M','munga-pharez','2024-03-11 06:04:21','2024-03-11 06:04:21'),(286,'REAGAN GIDEON','9317',3,2,9,'M','reagan-gideon','2024-03-11 06:04:21','2024-03-11 06:04:21'),(287,'AMFEL ODHIAMBO','9329',3,2,9,'M','amfel-odhiambo','2024-03-11 06:04:21','2024-03-11 06:04:21'),(288,'MAXWEL WAORE','9750',3,2,9,'M','maxwel-waore','2024-03-11 06:04:21','2024-03-11 06:04:21'),(289,'SAMMY SCOT OMONDI','9777',3,2,9,'M','sammy-scot-omondi','2024-03-11 06:04:21','2024-03-11 06:04:21'),(290,'WANGO LUKAS NGONDE','9782',3,2,9,'M','wango-lukas-ngonde','2024-03-11 06:04:21','2024-03-11 06:04:21'),(291,'FELIX OCHIENG ODHIAMBO','8907',3,2,9,'M','felix-ochieng-odhiambo','2024-03-11 06:05:08','2024-03-11 06:05:08'),(292,'ORUSI WHISTONE','8973',3,2,10,'M','orusi-whistone','2024-03-11 06:07:55','2024-03-11 06:07:55'),(293,'BAVON ONYANGO','9031',3,2,10,'M','bavon-onyango','2024-03-11 06:07:55','2024-03-11 06:07:55'),(294,'RAY OLUOCH MBOYA','9034',3,2,10,'M','ray-oluoch-mboya','2024-03-11 06:07:55','2024-03-11 06:07:55'),(295,'RONIX ODHIAMBO','9040',3,2,10,'M','ronix-odhiambo','2024-03-11 06:07:55','2024-03-11 06:07:55'),(296,'KEVINE OTIENO ONYIMBO','9049',3,2,10,'M','kevine-otieno-onyimbo','2024-03-11 06:07:55','2024-03-11 06:07:55'),(297,'OTIENO NICHOLAS','9052',3,2,10,'M','otieno-nicholas','2024-03-11 06:07:55','2024-03-11 06:07:55'),(298,'OBOTE ISIAH OMONDI','9055',3,2,10,'M','obote-isiah-omondi','2024-03-11 06:07:55','2024-03-11 06:07:55'),(299,'RONALD OTIENO OSODO','9058',3,2,10,'M','ronald-otieno-osodo','2024-03-11 06:07:55','2024-03-11 06:07:55'),(300,'OCHIENG RODGERS','9061',3,2,10,'M','ochieng-rodgers','2024-03-11 06:07:55','2024-03-11 06:07:55'),(301,'ARMATON OCHIENG','9064',3,2,10,'M','armaton-ochieng','2024-03-11 06:07:55','2024-03-11 06:07:55'),(302,'BENSON OCHIENG','9073',3,2,10,'M','benson-ochieng','2024-03-11 06:07:55','2024-03-11 06:07:55'),(303,'EDMOND OCHIENG','9085',3,2,10,'M','edmond-ochieng','2024-03-11 06:07:55','2024-03-11 06:07:55'),(304,'ODERA JOHN LEVINS','9088',3,2,10,'M','odera-john-levins','2024-03-11 06:07:55','2024-03-11 06:07:55'),(305,'ELVIS BILLY OMONDI','9091',3,2,10,'M','elvis-billy-omondi','2024-03-11 06:07:55','2024-03-11 06:07:55'),(306,'ODHIAMBO LUKE OCHIENG','9094',3,2,10,'M','odhiambo-luke-ochieng','2024-03-11 06:07:55','2024-03-11 06:07:55'),(307,'HARNINGTON ODIWUOR','9100',3,2,10,'M','harnington-odiwuor','2024-03-11 06:07:55','2024-03-11 06:07:55'),(308,'OBONYO FELIX ODHIAMBO','9118',3,2,10,'M','obonyo-felix-odhiambo','2024-03-11 06:07:55','2024-03-11 06:07:55'),(309,'PASTOR CLEVE OCHIENG','9139',3,2,10,'M','pastor-cleve-ochieng','2024-03-11 06:07:55','2024-03-11 06:07:55'),(310,'JEFF PASCAL OKOTH','9142',3,2,10,'M','jeff-pascal-okoth','2024-03-11 06:07:55','2024-03-11 06:07:55'),(311,'COLLINS OMONDI','9168',3,2,10,'M','collins-omondi','2024-03-11 06:07:55','2024-03-11 06:07:55'),(312,'BRIAN NYAKUNDI','9175',3,2,10,'M','brian-nyakundi','2024-03-11 06:07:55','2024-03-11 06:07:55'),(313,'ELVIS OUMA ONYANGO','9185',3,2,10,'M','elvis-ouma-onyango','2024-03-11 06:07:55','2024-03-11 06:07:55'),(314,'JOSHUA OUMA','9440',3,2,10,'M','joshua-ouma','2024-03-11 06:07:55','2024-03-11 06:07:55'),(315,'JEREMIAH KIPROP','9514',3,2,10,'M','jeremiah-kiprop','2024-03-11 06:07:55','2024-03-11 06:07:55'),(316,'JACKTON OUSO','9542',3,2,10,'M','jackton-ouso','2024-03-11 06:07:55','2024-03-11 06:07:55'),(317,'FFREDRICK OMONDI','9734',3,2,10,'M','ffredrick-omondi','2024-03-11 06:07:55','2024-03-11 06:07:55'),(318,'SHALTON OMONDI OCHIENG\'','9737',3,2,10,'M','shalton-omondi-ochieng','2024-03-11 06:07:55','2024-03-11 06:07:55'),(319,'JOSEPH ONIALA AGUNDA','9766',3,2,10,'M','joseph-oniala-agunda','2024-03-11 06:07:55','2024-03-11 06:07:55'),(320,'OTIENO KALU DENIS','9771',3,2,10,'M','otieno-kalu-denis','2024-03-11 06:07:55','2024-03-11 06:07:55'),(321,'OMONDI CAVIN OSUNGA','9779',3,2,10,'M','omondi-cavin-osunga','2024-03-11 06:07:55','2024-03-11 06:07:55'),(322,'PHILIP TAWO','9096',3,2,11,'M','philip-tawo','2024-03-11 06:08:55','2024-03-11 06:08:55'),(323,'RONALD ODHIAMBO','9041',3,2,11,'M','ronald-odhiambo','2024-03-11 06:08:55','2024-03-11 06:08:55'),(324,'BRIAN OTIENO OKEYO','9032',3,2,11,'M','brian-otieno-okeyo','2024-03-11 06:08:55','2024-03-11 06:08:55'),(325,'RONNEY OMONDI','9038',3,2,11,'M','ronney-omondi','2024-03-11 06:08:55','2024-03-11 06:08:55'),(326,'MBARA DERICK ANAN','9047',3,2,11,'M','mbara-derick-anan','2024-03-11 06:08:55','2024-03-11 06:08:55'),(327,'HABIB ONYANGO SAAD','9054',3,2,11,'M','habib-onyango-saad','2024-03-11 06:08:55','2024-03-11 06:08:55'),(328,'BILL CLINTON OMONDI','9060',3,2,11,'M','bill-clinton-omondi','2024-03-11 06:08:55','2024-03-11 06:08:55'),(329,'EDWIN OUMA OTIENO','9066',3,2,11,'M','edwin-ouma-otieno','2024-03-11 06:08:55','2024-03-11 06:08:55'),(330,'DUNCAN MALIT OTIENO','9069',3,2,11,'M','duncan-malit-otieno','2024-03-11 06:08:55','2024-03-11 06:08:55'),(331,'ODHIAMBO WARREN','9072',3,2,11,'M','odhiambo-warren','2024-03-11 06:08:55','2024-03-11 06:08:55'),(332,'SHANFORD ODHIAMBO','9084',3,2,11,'M','shanford-odhiambo','2024-03-11 06:08:55','2024-03-11 06:08:55'),(333,'SHEM OTIENO OKONGO','9090',3,2,11,'M','shem-otieno-okongo','2024-03-11 06:08:55','2024-03-11 06:08:55'),(334,'STANLEY OTIENO AGUKO','9099',3,2,11,'M','stanley-otieno-aguko','2024-03-11 06:08:55','2024-03-11 06:08:55'),(335,'PETER OWIDI','9102',3,2,11,'M','peter-owidi','2024-03-11 06:08:55','2024-03-11 06:08:55'),(336,'DANIEL ONDIEKI','9105',3,2,11,'M','daniel-ondieki','2024-03-11 06:08:55','2024-03-11 06:08:55'),(337,'MWANGI NYAMBANE','9111',3,2,11,'M','mwangi-nyambane','2024-03-11 06:08:55','2024-03-11 06:08:55'),(338,'OWINO GILBERT OTIENO','9114',3,2,11,'M','owino-gilbert-otieno','2024-03-11 06:08:55','2024-03-11 06:08:55'),(339,'ROGGERS OKOTH','9120',3,2,11,'M','roggers-okoth','2024-03-11 06:08:55','2024-03-11 06:08:55'),(340,'SAM OKELO MBOYA','9123',3,2,11,'M','sam-okelo-mboya','2024-03-11 06:08:55','2024-03-11 06:08:55'),(341,'KOYO ROBERT ODHIAMBO','9126',3,2,11,'M','koyo-robert-odhiambo','2024-03-11 06:08:55','2024-03-11 06:08:55'),(342,'OMERE JUNIOR OKOTH','9129',3,2,11,'M','omere-junior-okoth','2024-03-11 06:08:55','2024-03-11 06:08:55'),(343,'KENETH OTIENO OPIYO','9148',3,2,11,'M','keneth-otieno-opiyo','2024-03-11 06:08:55','2024-03-11 06:08:55'),(344,'AGWA ZINTON','9171',3,2,11,'M','agwa-zinton','2024-03-11 06:08:55','2024-03-11 06:08:55'),(345,'BOB ONGURU','9260',3,2,11,'M','bob-onguru','2024-03-11 06:08:55','2024-03-11 06:08:55'),(346,'MAGADI JOHNSON','9488',3,2,11,'M','magadi-johnson','2024-03-11 06:08:55','2024-03-11 06:08:55'),(347,'ADEK GEORGE OTIENO','9510',3,2,11,'M','adek-george-otieno','2024-03-11 06:08:55','2024-03-11 06:08:55'),(348,'FELIX OKOTH  OCHIENG','9515',3,2,11,'M','felix-okoth-ochieng','2024-03-11 06:08:55','2024-03-11 06:08:55'),(349,'BABU ALEX GIBS','9573',3,2,11,'M','babu-alex-gibs','2024-03-11 06:08:55','2024-03-11 06:08:55'),(350,'NDEGE JARED OBAI','9641',3,2,11,'M','ndege-jared-obai','2024-03-11 06:08:55','2024-03-11 06:08:55'),(351,'Aron Harrison Okoth','9063',3,2,11,'M','aron-harrison-okoth','2024-03-11 06:08:55','2024-03-11 06:08:55'),(352,'Harrison Okumu','698',14,2,12,'M','harrison-okumu','2024-03-11 07:04:15','2024-03-11 07:04:15'),(353,'Maxwel Odhiambo Alila','764',14,2,12,'M','maxwel-odhiambo-alila','2024-03-11 07:04:15','2024-03-11 07:04:15'),(354,'Adoyo Zaida Alaka','777',14,2,12,'F','adoyo-zaida-alaka','2024-03-11 07:04:15','2024-03-11 07:04:15'),(355,'Joash Otieno Odundo','779',14,2,12,'M','joash-otieno-odundo','2024-03-11 07:04:15','2024-03-11 07:04:15'),(356,'Anyango Okore Dialence','784',14,2,12,'F','anyango-okore-dialence','2024-03-11 07:04:15','2024-03-11 07:04:15'),(357,'Bondori John Kitenge','785',14,2,12,'M','bondori-john-kitenge','2024-03-11 07:04:15','2024-03-11 07:04:15'),(358,'Mbaya Julius Yongo','787',14,2,12,'M','mbaya-julius-yongo','2024-03-11 07:04:15','2024-03-11 07:04:15'),(359,'Elizabeth Obege','789',14,2,12,'F','elizabeth-obege','2024-03-11 07:04:15','2024-03-11 07:04:15'),(360,'Odhiambo Geofrey Obiero','790',14,2,12,'M','odhiambo-geofrey-obiero','2024-03-11 07:04:15','2024-03-11 07:04:15'),(361,'Owino Paul Otwe','791',14,2,12,'M','owino-paul-otwe','2024-03-11 07:04:15','2024-03-11 07:04:15'),(362,'Dota Awino','792',14,2,12,'F','dota-awino','2024-03-11 07:04:15','2024-03-11 07:04:15'),(363,'Gorrety Akinyi Ongaro','814',14,2,12,'F','gorrety-akinyi-ongaro','2024-03-11 07:04:15','2024-03-11 07:04:15'),(364,'Winnie Christine David','816',14,2,12,'F','winnie-christine-david','2024-03-11 07:04:15','2024-03-11 07:04:15'),(365,'Janet Akinyi Nyadimo','817',14,2,12,'F','janet-akinyi-nyadimo','2024-03-11 07:04:15','2024-03-11 07:04:15'),(366,'Emma Atieno Otieno','820',14,2,12,'F','emma-atieno-otieno','2024-03-11 07:04:15','2024-03-11 07:04:15'),(367,'Victor Odhiambo Mwasi','824',14,2,12,'M','victor-odhiambo-mwasi','2024-03-11 07:04:15','2024-03-11 07:04:15'),(368,'Joan Atieno Maheri','830',14,2,12,'F','joan-atieno-maheri','2024-03-11 07:04:15','2024-03-11 07:04:15'),(369,'Lizzy Anyango','833',14,2,12,'F','lizzy-anyango','2024-03-11 07:04:15','2024-03-11 07:04:15'),(370,'Constance Akoth William','834',14,2,12,'F','constance-akoth-william','2024-03-11 07:04:15','2024-03-11 07:04:15'),(371,'Adhiambo Spencer Okumu','839',14,2,12,'F','adhiambo-spencer-okumu','2024-03-11 07:04:15','2024-03-11 07:04:15'),(372,'Clinton Otieno Otulo','841',14,2,12,'M','clinton-otieno-otulo','2024-03-11 07:04:15','2024-03-11 07:04:15'),(373,'Asango Lovinter Atieno','842',14,2,12,'F','asango-lovinter-atieno','2024-03-11 07:04:15','2024-03-11 07:04:15'),(374,'Winnie Christine Garithi','843',14,2,12,'F','winnie-christine-garithi','2024-03-11 07:04:15','2024-03-11 07:04:15'),(375,'Kevin Ochieng','848',14,2,12,'M','kevin-ochieng','2024-03-11 07:04:15','2024-03-11 07:04:15'),(376,'Samwel Okoth Ayara','849',14,2,12,'M','samwel-okoth-ayara','2024-03-11 07:04:15','2024-03-11 07:04:15'),(377,'Millicent A. Opiyo','850',14,2,12,'F','millicent-a-opiyo','2024-03-11 07:04:15','2024-03-11 07:04:15'),(378,'Phabish Mboya','851',14,2,12,'M','phabish-mboya','2024-03-11 07:04:15','2024-03-11 07:04:15'),(379,'Lovine Akinyi Odhiambo','852',14,2,12,'F','lovine-akinyi-odhiambo','2024-03-11 07:04:15','2024-03-11 07:04:15'),(380,'Awuor Juliet Odero','855',14,2,12,'F','awuor-juliet-odero','2024-03-11 07:04:15','2024-03-11 07:04:15'),(381,'Omwanda Rehema Akoth','861',14,2,12,'F','omwanda-rehema-akoth','2024-03-11 07:04:15','2024-03-11 07:04:15'),(382,'Guypel Mijungu Onyando','862',14,2,12,'M','guypel-mijungu-onyando','2024-03-11 07:04:15','2024-03-11 07:04:15'),(383,'Atieno Sharon Ogoye','864',14,2,12,'F','atieno-sharon-ogoye','2024-03-11 07:04:15','2024-03-11 07:04:15'),(384,'Ogayo Lavender Adhiambo','872',14,2,12,'F','ogayo-lavender-adhiambo','2024-03-11 07:04:15','2024-03-11 07:04:15'),(385,'Odiwuor Vincent Orero','879',14,2,12,'M','odiwuor-vincent-orero','2024-03-11 07:04:15','2024-03-11 07:04:15'),(386,'Steve Odhiambo Abich','881',14,2,12,'M','steve-odhiambo-abich','2024-03-11 07:04:15','2024-03-11 07:04:15'),(387,'Vivian Atieno','888',14,2,12,'F','vivian-atieno','2024-03-11 07:04:15','2024-03-11 07:04:15'),(388,'Damianus Otieno Jacob','890',14,2,12,'M','damianus-otieno-jacob','2024-03-11 07:04:15','2024-03-11 07:04:15'),(389,'Awuor Irene Onyango','892',14,2,12,'F','awuor-irene-onyango','2024-03-11 07:04:15','2024-03-11 07:04:15'),(390,'Daisy Awuor Paul','893',14,2,12,'F','daisy-awuor-paul','2024-03-11 07:04:15','2024-03-11 07:04:15'),(391,'Akinyi Monica Yogo','897',14,2,12,'F','akinyi-monica-yogo','2024-03-11 07:04:15','2024-03-11 07:04:15'),(392,'Domnic Musira Olala','923',14,2,12,'M','domnic-musira-olala','2024-03-11 07:04:15','2024-03-11 07:04:15'),(393,'Odiwuor Frankline','934',14,2,12,'M','odiwuor-frankline','2024-03-11 07:04:15','2024-03-11 07:04:15'),(394,'Brian Ochieng Aliwa','938',14,2,12,'M','brian-ochieng-aliwa','2024-03-11 07:04:15','2024-03-11 07:04:15'),(395,'Christine Auma O','1066',14,2,12,'F','christine-auma-o','2024-03-11 07:04:15','2024-03-11 07:04:15'),(396,'Onyango  Joseph','1233',14,2,12,'M','onyango-joseph','2024-03-11 07:04:15','2024-03-11 07:04:15'),(397,'Bernice Lola Oseno','1295',14,2,12,'M','bernice-lola-oseno','2024-03-11 07:04:15','2024-03-11 07:04:15'),(398,'Odhiambo Otieno Cynthia','1321',14,2,12,'F','odhiambo-otieno-cynthia','2024-03-11 07:04:15','2024-03-11 07:04:15'),(399,'Otieno Clinton','1403',14,2,12,'M','otieno-clinton','2024-03-11 07:04:15','2024-03-11 07:04:15'),(400,'Lydia Anyango Ochieng','1461',14,2,12,'F','lydia-anyango-ochieng','2024-03-11 07:04:15','2024-03-11 07:04:15'),(401,'Vida Atieno Odundo','1471',14,2,12,'F','vida-atieno-odundo','2024-03-11 07:04:15','2024-03-11 07:04:15'),(402,'Otieno Wicklif Muo','1473',14,2,12,'M','otieno-wicklif-muo','2024-03-11 07:04:15','2024-03-11 07:04:15'),(403,'Ochieng Steven William','1489',14,2,12,'M','ochieng-steven-william','2024-03-11 07:04:15','2024-03-11 07:04:15'),(404,'Omoko Hesbon','1504',14,2,12,'M','omoko-hesbon','2024-03-11 07:04:15','2024-03-11 07:04:15'),(405,'Nyangweso Richard','1511',14,2,12,'M','nyangweso-richard','2024-03-11 07:04:15','2024-03-11 07:04:15'),(406,'Phelix Owuor Rabilo','1528',14,2,12,'M','phelix-owuor-rabilo','2024-03-11 07:04:15','2024-03-11 07:04:15'),(407,'Reagan Ogwel Tenye','1532',14,2,12,'M','reagan-ogwel-tenye','2024-03-11 07:04:15','2024-03-11 07:04:15'),(408,'Auma Nerea Ndege','645',14,2,13,'M','auma-nerea-ndege','2024-03-11 07:48:55','2024-03-11 07:48:55'),(409,'Dinga Ephy Awuor','704',14,2,13,'F','dinga-ephy-awuor','2024-03-11 07:48:55','2024-03-11 07:48:55'),(410,'Atieno Violet Jomo','723',14,2,13,'F','atieno-violet-jomo','2024-03-11 07:48:55','2024-03-11 07:48:55'),(411,'Rudolf Ochieng','778',14,2,13,'M','rudolf-ochieng','2024-03-11 07:48:55','2024-03-11 07:48:55'),(412,'Onge Esther Akinyi','782',14,2,13,'F','onge-esther-akinyi','2024-03-11 07:48:55','2024-03-11 07:48:55'),(413,'Omondi Akinyi Merceline','793',14,2,13,'F','omondi-akinyi-merceline','2024-03-11 07:48:55','2024-03-11 07:48:55'),(414,'Akoth Verah','794',14,2,13,'F','akoth-verah','2024-03-11 07:48:55','2024-03-11 07:48:55'),(415,'Maxwel Otieno','795',14,2,13,'M','maxwel-otieno','2024-03-11 07:48:55','2024-03-11 07:48:55'),(416,'Adhiambo Vallary Nyaimbo','797',14,2,13,'M','adhiambo-vallary-nyaimbo','2024-03-11 07:48:55','2024-03-11 07:48:55'),(417,'Achieng Viola Oyier','802',14,2,13,'F','achieng-viola-oyier','2024-03-11 07:48:55','2024-03-11 07:48:55'),(418,'Edwine Omondi Odero','804',14,2,13,'M','edwine-omondi-odero','2024-03-11 07:48:55','2024-03-11 07:48:55'),(419,'Ochieng David Otieno','805',14,2,13,'M','ochieng-david-otieno','2024-03-11 07:48:55','2024-03-11 07:48:55'),(420,'Anyango Diana Hussein','806',14,2,13,'F','anyango-diana-hussein','2024-03-11 07:48:55','2024-03-11 07:48:55'),(421,'Yambo Chrispin Awiti','807',14,2,13,'F','yambo-chrispin-awiti','2024-03-11 07:48:55','2024-03-11 07:48:55'),(422,'Owuor G. Philip Abok','808',14,2,13,'M','owuor-g-philip-abok','2024-03-11 07:48:55','2024-03-11 07:48:55'),(423,'Odhiambo Cantoner Phares','809',14,2,13,'M','odhiambo-cantoner-phares','2024-03-11 07:48:55','2024-03-11 07:48:55'),(424,'Harriete Auma','810',14,2,13,'F','harriete-auma','2024-03-11 07:48:55','2024-03-11 07:48:55'),(425,'Beryne Akoth Omori','812',14,2,13,'F','beryne-akoth-omori','2024-03-11 07:48:55','2024-03-11 07:48:55'),(426,'Nicholas Omondi Nyaguda','819',14,2,13,'M','nicholas-omondi-nyaguda','2024-03-11 07:48:55','2024-03-11 07:48:55'),(427,'George Otieno Juma','821',14,2,13,'M','george-otieno-juma','2024-03-11 07:48:55','2024-03-11 07:48:55'),(428,'Achieng Vallary Okello','822',14,2,13,'M','achieng-vallary-okello','2024-03-11 07:48:55','2024-03-11 07:48:55'),(429,'Lydia Adhiambo Ooko','825',14,2,13,'F','lydia-adhiambo-ooko','2024-03-11 07:48:55','2024-03-11 07:48:55'),(430,'Awuor Brenda Ogallo','826',14,2,13,'F','awuor-brenda-ogallo','2024-03-11 07:48:55','2024-03-11 07:48:55'),(431,'Fredrick Ouma','832',14,2,13,'M','fredrick-ouma','2024-03-11 07:48:55','2024-03-11 07:48:55'),(432,'Odongo Dafin','835',14,2,13,'M','odongo-dafin','2024-03-11 07:48:55','2024-03-11 07:48:55'),(433,'Hillary Ochieng Ong\'ondo','845',14,2,13,'M','hillary-ochieng-ongondo','2024-03-11 07:48:55','2024-03-11 07:48:55'),(434,'Joram Mdosi Odongo','846',14,2,13,'M','joram-mdosi-odongo','2024-03-11 07:48:55','2024-03-11 07:48:55'),(435,'Owino Vascon Leaky','847',14,2,13,'M','owino-vascon-leaky','2024-03-11 07:48:55','2024-03-11 07:48:55'),(436,'Lewinsky Akinyi Odhiambo','854',14,2,13,'F','lewinsky-akinyi-odhiambo','2024-03-11 07:48:55','2024-03-11 07:48:55'),(437,'Akinyi Lucy Otieno','858',14,2,13,'F','akinyi-lucy-otieno','2024-03-11 07:48:55','2024-03-11 07:48:55'),(438,'Akinyi Chrisdecy Odira','865',14,2,13,'F','akinyi-chrisdecy-odira','2024-03-11 07:48:55','2024-03-11 07:48:55'),(439,'Mac Donald Mboya','868',14,2,13,'M','mac-donald-mboya','2024-03-11 07:48:55','2024-03-11 07:48:55'),(440,'Gor Adah Akoth','870',14,2,13,'M','gor-adah-akoth','2024-03-11 07:48:55','2024-03-11 07:48:55'),(441,'Gilbert Oluoch Muga','874',14,2,13,'M','gilbert-oluoch-muga','2024-03-11 07:48:55','2024-03-11 07:48:55'),(442,'Martha Annah Wambui','877',14,2,13,'F','martha-annah-wambui','2024-03-11 07:48:55','2024-03-11 07:48:55'),(443,'Prudence Lewinsky Lycidas','878',14,2,13,'F','prudence-lewinsky-lycidas','2024-03-11 07:48:55','2024-03-11 07:48:55'),(444,'Kirenge Achieng Ephy','884',14,2,13,'F','kirenge-achieng-ephy','2024-03-11 07:48:55','2024-03-11 07:48:55'),(445,'Lando Fredrick Akuku','885',14,2,13,'M','lando-fredrick-akuku','2024-03-11 07:48:55','2024-03-11 07:48:55'),(446,'Julius Felix Opiyo','889',14,2,13,'M','julius-felix-opiyo','2024-03-11 07:48:55','2024-03-11 07:48:55'),(447,'Atieno Lorena Odhiambo','891',14,2,13,'F','atieno-lorena-odhiambo','2024-03-11 07:48:55','2024-03-11 07:48:55'),(448,'Fredrick Onyango Amundo','894',14,2,13,'M','fredrick-onyango-amundo','2024-03-11 07:48:55','2024-03-11 07:48:55'),(449,'Faith Njeri','895',14,2,13,'F','faith-njeri','2024-03-11 07:48:55','2024-03-11 07:48:55'),(450,'Akoth Viola','898',14,2,13,'F','akoth-viola','2024-03-11 07:48:55','2024-03-11 07:48:55'),(451,'Elphas Odero','899',14,2,13,'M','elphas-odero','2024-03-11 07:48:55','2024-03-11 07:48:55'),(452,'Stacy Perpetua','900',14,2,13,'M','stacy-perpetua','2024-03-11 07:48:55','2024-03-11 07:48:55'),(453,'Charity Akinyi','902',14,2,13,'F','charity-akinyi','2024-03-11 07:48:55','2024-03-11 07:48:55'),(454,'Matunga Hillary','903',14,2,13,'M','matunga-hillary','2024-03-11 07:48:55','2024-03-11 07:48:55'),(455,'Okeyo Ochieng Geofrey','905',14,2,13,'M','okeyo-ochieng-geofrey','2024-03-11 07:48:55','2024-03-11 07:48:55'),(456,'David Omondi','907',14,2,13,'M','david-omondi','2024-03-11 07:48:55','2024-03-11 07:48:55'),(457,'Michael Onyango Odero','909',14,2,13,'M','michael-onyango-odero','2024-03-11 07:48:55','2024-03-11 07:48:55'),(458,'Shilton Owino Ochola','911',14,2,13,'M','shilton-owino-ochola','2024-03-11 07:48:55','2024-03-11 07:48:55'),(459,'Awino Cynthia Akoth','913',14,2,13,'F','awino-cynthia-akoth','2024-03-11 07:48:55','2024-03-11 07:48:55'),(460,'Matunga Jeremia Odira','914',14,2,13,'M','matunga-jeremia-odira','2024-03-11 07:48:55','2024-03-11 07:48:55'),(461,'Nyakwaka Valentine Ading','917',14,2,13,'F','nyakwaka-valentine-ading','2024-03-11 07:48:55','2024-03-11 07:48:55'),(462,'Walter Odhiambo','919',14,2,13,'M','walter-odhiambo','2024-03-11 07:48:55','2024-03-11 07:48:55'),(463,'Philip Juma','921',14,2,13,'M','philip-juma','2024-03-11 07:48:55','2024-03-11 07:48:55'),(464,'Atieno Jane Abich','922',14,2,13,'F','atieno-jane-abich','2024-03-11 07:48:55','2024-03-11 07:48:55'),(465,'Shania Pheline','927',14,2,13,'F','shania-pheline','2024-03-11 07:48:55','2024-03-11 07:48:55'),(466,'Sheryl Auma Otieno','932',14,2,13,'F','sheryl-auma-otieno','2024-03-11 07:48:55','2024-03-11 07:48:55'),(467,'Vivian Auma','933',14,2,13,'F','vivian-auma','2024-03-11 07:48:55','2024-03-11 07:48:55'),(468,'Ruth Dean Achieng','1080',14,2,13,'F','ruth-dean-achieng','2024-03-11 07:48:55','2024-03-11 07:48:55'),(469,'Otieno Maxwel Onjara','1088',14,2,13,'M','otieno-maxwel-onjara','2024-03-11 07:48:55','2024-03-11 07:48:55'),(470,'Celestine Achieng','1204',14,2,13,'F','celestine-achieng','2024-03-11 07:48:55','2024-03-11 07:48:55'),(471,'Odoyo Finroll Ochieng','1282',14,2,13,'M','odoyo-finroll-ochieng','2024-03-11 07:48:55','2024-03-11 07:48:55'),(472,'Mercy Aluoch Otuloh','1316',14,2,13,'F','mercy-aluoch-otuloh','2024-03-11 07:48:55','2024-03-11 07:48:55'),(473,'Washington Otieno','1402',14,2,13,'M','washington-otieno','2024-03-11 07:48:55','2024-03-11 07:48:55'),(474,'Charity Ashley','1406',14,2,13,'F','charity-ashley','2024-03-11 07:48:55','2024-03-11 07:48:55'),(475,'Christine Pendo Okoth','1416',14,2,13,'M','christine-pendo-okoth','2024-03-11 07:48:55','2024-03-11 07:48:55'),(476,'Odongo Livia Achieng','1437',14,2,13,'F','odongo-livia-achieng','2024-03-11 07:48:55','2024-03-11 07:48:55'),(477,'Otieno Tyson Odhiambo','1488',14,2,13,'M','otieno-tyson-odhiambo','2024-03-11 07:48:55','2024-03-11 07:48:55'),(478,'Lophy Awuor Otieno','1515',14,2,13,'F','lophy-awuor-otieno','2024-03-11 07:48:55','2024-03-11 07:48:55'),(479,'Brian Lobengula','1519',14,2,13,'M','brian-lobengula','2024-03-11 07:48:55','2024-03-11 07:48:55');
/*!40000 ALTER TABLE `students` ENABLE KEYS */;
UNLOCK TABLES;

--
-- Table structure for table `subjects`
--

DROP TABLE IF EXISTS `subjects`;
/*!40101 SET @saved_cs_client     = @@character_set_client */;
/*!50503 SET character_set_client = utf8mb4 */;
CREATE TABLE `subjects` (
  `id` bigint unsigned NOT NULL AUTO_INCREMENT,
  `name` varchar(255) COLLATE utf8mb4_unicode_ci NOT NULL,
  `contribution` int NOT NULL,
  `created_at` timestamp NULL DEFAULT NULL,
  `updated_at` timestamp NULL DEFAULT NULL,
  PRIMARY KEY (`id`)
) ENGINE=InnoDB AUTO_INCREMENT=3 DEFAULT CHARSET=utf8mb4 COLLATE=utf8mb4_unicode_ci;
/*!40101 SET character_set_client = @saved_cs_client */;

--
-- Dumping data for table `subjects`
--

LOCK TABLES `subjects` WRITE;
/*!40000 ALTER TABLE `subjects` DISABLE KEYS */;
INSERT INTO `subjects` VALUES (1,'PAPER 1',50,'2023-09-03 13:51:53','2023-09-03 13:51:53'),(2,'PAPER 2',50,'2023-09-03 13:51:53','2023-09-03 13:51:53');
/*!40000 ALTER TABLE `subjects` ENABLE KEYS */;
UNLOCK TABLES;

--
-- Table structure for table `users`
--

DROP TABLE IF EXISTS `users`;
/*!40101 SET @saved_cs_client     = @@character_set_client */;
/*!50503 SET character_set_client = utf8mb4 */;
CREATE TABLE `users` (
  `id` bigint unsigned NOT NULL AUTO_INCREMENT,
  `name` varchar(255) COLLATE utf8mb4_unicode_ci NOT NULL,
  `email` varchar(255) COLLATE utf8mb4_unicode_ci NOT NULL,
  `email_verified_at` timestamp NULL DEFAULT NULL,
  `phone` varchar(255) COLLATE utf8mb4_unicode_ci DEFAULT NULL,
  `school_id` bigint unsigned DEFAULT NULL,
  `facebook_id` varchar(255) COLLATE utf8mb4_unicode_ci DEFAULT NULL,
  `role` enum('user','admin','super') COLLATE utf8mb4_unicode_ci NOT NULL DEFAULT 'user',
  `password` varchar(255) COLLATE utf8mb4_unicode_ci NOT NULL,
  `remember_token` varchar(100) COLLATE utf8mb4_unicode_ci DEFAULT NULL,
  `created_at` timestamp NULL DEFAULT NULL,
  `updated_at` timestamp NULL DEFAULT NULL,
  `verification_otp` varchar(255) COLLATE utf8mb4_unicode_ci DEFAULT NULL,
  `otp_expiry` timestamp NULL DEFAULT NULL,
  PRIMARY KEY (`id`),
  UNIQUE KEY `users_email_unique` (`email`)
) ENGINE=InnoDB AUTO_INCREMENT=31 DEFAULT CHARSET=utf8mb4 COLLATE=utf8mb4_unicode_ci;
/*!40101 SET character_set_client = @saved_cs_client */;

--
-- Dumping data for table `users`
--

LOCK TABLES `users` WRITE;
/*!40000 ALTER TABLE `users` DISABLE KEYS */;
INSERT INTO `users` VALUES (2,'DANCAN OKEYO','dancanokeyo08@gmail.com','2024-03-08 14:02:17','0711317235',14,NULL,'super','$2y$10$6DknROFSFaMaetN6rQqmZufmz.uyuBQP8BSL2.Ng6NGGfD.FmINby','kyjOeOnMJaRaTT73R7NJXLqWz5hI5Qq4CGOjlI5jeimxay33aoHPCy1xdx7i','2024-03-08 14:01:50','2024-05-24 18:34:16',NULL,NULL),(3,'ISAAC OMANGO','isaacomango@gmail.com',NULL,'+254727231841',4,NULL,'user','$2y$10$91xZrUh25yuyRRkb0/olQ.meH7/htO4RTjfZ7hP93Lw34YeFREKy2',NULL,'2024-03-11 19:44:29','2024-03-11 19:44:29',NULL,NULL),(4,'John Sije','owinojohn622@gmail.com',NULL,'0701195888',4,NULL,'user','$2y$10$T45w93RpObQC2a4VuLAjH.z2i0UmpgLFwo4XdO8Y1NUOLIY4dY7Y2',NULL,'2024-03-12 06:15:09','2024-03-12 06:15:09',NULL,NULL),(5,'Wamalwa','wamalwa919@gmail.com','2024-03-12 06:21:37','0715857918',4,NULL,'user','$2y$10$bMKhLE0g8/ErM4GUmxoFAOwGnD6y9HLgwWzm4/g.NRw/HVc1Ibpr.',NULL,'2024-03-12 06:17:02','2024-03-12 06:21:37',NULL,NULL),(6,'Mabisisabatia','mabisisabatia@gmail.com','2024-03-12 06:44:56','0729363328',8,NULL,'user','$2y$10$Jj.waT/9t/yjaJDP/Oremu3Np1FxBYzDcQ/YqAhff3F8kbtsG8RhS',NULL,'2024-03-12 06:43:03','2024-03-12 06:44:56',NULL,NULL),(7,'Odanga Fidel','odangafidel@gmail.com',NULL,'0720012797',4,NULL,'user','$2y$10$6PeJGavVRufsW/60iSnsGePzdcIFe5qk.UxdW7AL9g54C/x19vGSW',NULL,'2024-03-12 06:57:36','2024-03-12 06:57:36',NULL,NULL),(8,'Joseph  odhiambo','joeodhis789@gmail.com','2024-03-12 18:02:51','0720773084',4,NULL,'user','$2y$10$5DzhAl45F/KNZQuXPLgj0u2nN4myxqRnqmxVdrsoTsr5doWItDojS',NULL,'2024-03-12 17:57:05','2024-03-12 18:02:51',NULL,NULL),(9,'Eazyschool-kenya','kebwarovincent5@gmail.com','2024-03-12 20:10:36','+254113975038',4,NULL,'user','$2y$10$G51GMjocmkBcj1/btPb4zeX4zE9YobHzTnyQpriUEiRJh7V9Y1xIm',NULL,'2024-03-12 19:58:11','2024-03-12 20:10:36',NULL,NULL),(10,'ali','jelaniabdibasit@gmail.com',NULL,'0729290202',4,NULL,'user','$2y$10$B6NxjEAs0mUcJv5.BppG.eQ9L072ybq9P.n2v6BXcvfPDZs6VvgP.',NULL,'2024-03-16 13:24:57','2024-03-16 13:24:57',NULL,NULL),(11,'ali','Nasirguru12@gmail.com',NULL,'071047720',3,NULL,'user','$2y$10$lBuDGjVyoCjk4OLhQ6ctBeVKLnVdGJZUh4FnGYUmNMAU/yMIreoxa',NULL,'2024-03-16 13:31:21','2024-03-16 13:31:21',NULL,NULL),(12,'Sammy Getuma otwori','sammyotwori10@gmail.com',NULL,'0725276637',14,NULL,'user','$2y$10$encL2qlrtF57CbHPuAjv8.DxFLgs7f7lRe/Us47vFg/kDgKehAH/S',NULL,'2024-03-16 13:47:36','2024-03-16 13:47:36',NULL,NULL),(13,'Delvas Mwamba','delvasmwamba96@gmail.com','2024-03-24 07:20:06','0701724256',49,NULL,'admin','$2y$10$mfkB//8/TO6y2Kh15H5v3.ZzLHmYcpSyWUdjrbnugWI9f18pt08mq',NULL,'2024-03-24 07:19:42','2024-05-19 11:33:08',NULL,NULL),(14,'Admin','eudineoyier2022@gmail.com','2024-03-28 09:46:52','0703165332',4,NULL,'super','$2y$10$o2a5dIliBH69SF9IHjChD.7SZVWVKfbbWro7SCK93Wtq8H9DZQ8nC',NULL,'2024-03-28 09:43:05','2024-05-25 07:10:47',NULL,NULL),(15,'Aggrey Okulo','aggreyokulo@gmail.com',NULL,'0715717973',4,NULL,'user','$2y$10$C6Crck7HNrNA.Dh7KW/FpO4N4ZFDAk.G.BN4jEFxBNjdIDY6q3uLm',NULL,'2024-05-01 12:42:49','2024-05-25 07:14:23',NULL,NULL),(16,'Omahe Mwita','omahezachary@gmail.com',NULL,'0712210189',4,NULL,'user','$2y$10$CHg8sHmM3GsCePtA89HN5OEzNyMs2Ib9zdOHADJ/wNyWIHOWV.zj2',NULL,'2024-05-01 17:54:29','2024-05-25 06:46:55',NULL,NULL),(17,'Christopher kimonge','chriskimonge@gmail.com','2024-05-19 10:46:52','0726328655',49,NULL,'user','$2y$10$X87iHw1w20PvNiXEKO98nOgYOIZYzRB1W.vTRHlf0dXxzTnfpg98u',NULL,'2024-05-19 10:42:35','2024-05-19 10:46:52',NULL,NULL),(18,'ELLY OLOO','otienoelly26@gmail.com','2024-05-19 17:40:14','0705529757',4,NULL,'user','$2y$10$Tvw.E6itoMa3qTQ8N.Zpme0fXTIxeGPzhFfajgpm2j9ko46JSjD7S',NULL,'2024-05-19 17:38:22','2024-05-25 06:34:43',NULL,NULL),(19,'MWALIMU MAGOKO','magokomwita5@gmail.com','2024-05-20 08:54:45','+254741153308',4,NULL,'admin','$2y$10$DyTB4XqRlubAJxWZ6/1AGeWCD4PDoJ2va8YDczVQthybMHMgs0rqm',NULL,'2024-05-20 08:52:33','2024-05-25 06:47:05',NULL,NULL),(20,'Bii','k.ericbii@gmail.com','2024-05-20 12:09:36','0791329697',51,NULL,'admin','$2y$10$HilrmL1lV2H9WKPRHofHdOTBIxV2vnhHZUL1C.5rBB1DSceS.3EU.',NULL,'2024-05-20 12:07:21','2024-05-21 08:42:44',NULL,NULL),(21,'Kipkoech Yegon','kipkoechyegon96@gmail.com','2024-05-25 06:00:46','0726761973',4,NULL,'user','$2y$10$uMj4r8nM7m1TlfQQJpJqP.jxTsA/Jw/rZ5zgdw4VmaYbXtLIXNqNy',NULL,'2024-05-25 06:00:05','2024-05-25 06:35:30',NULL,NULL),(22,'John Muyoma','chrissjohn33@gmail.com',NULL,'0717418744',4,NULL,'user','$2y$10$Rx34340fQjTFvGjE5Bjda.M0tkdDgb8C0v.Ma0Q9NAyDm.atgAZa6',NULL,'2024-05-25 06:06:14','2024-05-25 06:35:11',NULL,NULL),(23,'Towett','towett100@gmail.com',NULL,'0710597749',4,NULL,'user','$2y$10$/PRQsoR4MbQuya3OAhaG5eGkVq6MlT4t4FGYncQm778sine5IM.XC',NULL,'2024-05-25 06:06:40','2024-05-25 06:35:52',NULL,NULL),(24,'Josphat Ogega','josogy@gmail.com',NULL,'0728503381',4,NULL,'user','$2y$10$Wi/Fe2HJhN1O13KOwMTXF.s6ClsWtjTKAAhQ5Jc/G1.JDzgZ7D0Xm',NULL,'2024-05-25 06:08:23','2024-05-25 06:34:51',NULL,NULL),(25,'ERICK OPATI ONYENDO','opatierick36@gmail.com','2024-05-25 06:13:35','0703890821',4,NULL,'user','$2y$10$dmorZeW.cRGtsJBlwIaBxeI50ukKTbNjgBuoOUuAAFm/GcLxMPjIS',NULL,'2024-05-25 06:12:28','2024-05-25 06:35:01',NULL,NULL),(26,'Khalid Hassan','khalidnan1050@gmail.com','2024-05-25 06:14:31','0728552865',4,NULL,'user','$2y$10$ZQ7MJAUE4N.HhQYWrXloae7UpSYfu5ZdqqkrveHFS/CHy9fHdW8mq',NULL,'2024-05-25 06:13:17','2024-05-25 06:35:21',NULL,NULL),(27,'Denis','cheruiyotd351@gmail.com','2024-05-25 06:27:06','0707439824',4,NULL,'user','$2y$10$NE0Dg2z0LitgbUJVGye2YOeA9NOxK6iIIB3BDZSpR51BXOBNlxPMm','TywoHSEN8NsNQFYEMkkBB2A6yBLrxSRgotYC6ff1IC8OctLRU0v5CURSpOYe','2024-05-25 06:13:53','2024-05-25 06:33:21',NULL,NULL),(28,'Peter Kilonzi Musyoka','musyoks83@gmail.com','2024-05-25 06:34:29','0727869432',4,NULL,'user','$2y$10$/ILZBajJ1wFWKfLLUwkhMe4tDn5ml8pGezVJOqlz5BOgRAigX7v4i','8KBbKG8flIOvB4x92G6CTz4EZujlEZpm3VIpRy3Jfkc5bbLUPyisjiF8HWmL','2024-05-25 06:33:10','2024-05-25 06:35:42',NULL,NULL),(29,'Yussuf','yussufabdi592@gmail.com',NULL,'0723523850',4,NULL,'user','$2y$10$ajGxUdWDaQ7DH1sbObgMe.bDqaGHjk4AkYFvauTLwUBJTVnVtW9xy',NULL,'2024-05-25 06:36:39','2024-05-25 06:46:25',NULL,NULL),(30,'Sila wambua','wambuasila113@gmail.com','2024-05-25 06:39:32','0719176417',6,NULL,'user','$2y$10$a6MA.wQ/cpNt7wlPpfZYK.oDgS2YmhCBoAsOGcSxTAUhEOqYogmnm',NULL,'2024-05-25 06:38:32','2024-05-25 06:46:45',NULL,NULL);
/*!40000 ALTER TABLE `users` ENABLE KEYS */;
UNLOCK TABLES;
/*!40103 SET TIME_ZONE=@OLD_TIME_ZONE */;

/*!40101 SET SQL_MODE=@OLD_SQL_MODE */;
/*!40014 SET FOREIGN_KEY_CHECKS=@OLD_FOREIGN_KEY_CHECKS */;
/*!40014 SET UNIQUE_CHECKS=@OLD_UNIQUE_CHECKS */;
/*!40101 SET CHARACTER_SET_CLIENT=@OLD_CHARACTER_SET_CLIENT */;
/*!40101 SET CHARACTER_SET_RESULTS=@OLD_CHARACTER_SET_RESULTS */;
/*!40101 SET COLLATION_CONNECTION=@OLD_COLLATION_CONNECTION */;
/*!40111 SET SQL_NOTES=@OLD_SQL_NOTES */;

-- Dump completed on 2024-05-25  7:40:13
